GeoFips,GeoName,2020GDP
1001,"Autauga, AL",1520973
1003,"Baldwin, AL",6985901
1005,"Barbour, AL",687074
1007,"Bibb, AL",388330
1009,"Blount, AL",881874
1011,"Bullock, AL",250385
1013,"Butler, AL",574717
1015,"Calhoun, AL",3982561
1017,"Chambers, AL",808162
1019,"Cherokee, AL",475640
1021,"Chilton, AL",957204
1023,"Choctaw, AL",488633
1025,"Clarke, AL",730025
1027,"Clay, AL",407934
1029,"Cleburne, AL",260207
1031,"Coffee, AL",1249738
1033,"Colbert, AL",2367932
1035,"Conecuh, AL",435791
1037,"Coosa, AL",180648
1039,"Covington, AL",1051514
1041,"Crenshaw, AL",374307
1043,"Cullman, AL",2567437
1045,"Dale, AL",2427204
1047,"Dallas, AL",1053089
1049,"DeKalb, AL",1777822
1051,"Elmore, AL",1709154
1053,"Escambia, AL",1153705
1055,"Etowah, AL",2563314
1057,"Fayette, AL",305877
1059,"Franklin, AL",890896
1061,"Geneva, AL",488863
1063,"Greene, AL",197615
1065,"Hale, AL",241617
1067,"Henry, AL",389768
1069,"Houston, AL",4788927
1071,"Jackson, AL",1313862
1073,"Jefferson, AL",39199550
1075,"Lamar, AL",287202
1077,"Lauderdale, AL",2298418
1079,"Lawrence, AL",524136
1081,"Lee, AL",5570011
1083,"Limestone, AL",3482707
1085,"Lowndes, AL",363769
1087,"Macon, AL",475374
1089,"Madison, AL",23543852
1091,"Marengo, AL",674690
1093,"Marion, AL",763653
1095,"Marshall, AL",3200499
1097,"Mobile, AL",18079418
1099,"Monroe, AL",568233
1101,"Montgomery, AL",12182340
1103,"Morgan, AL",5092131
1105,"Perry, AL",183394
1107,"Pickens, AL",404316
1109,"Pike, AL",1235839
1111,"Randolph, AL",425424
1113,"Russell, AL",1285414
1115,"St. Clair, AL",1824570
1117,"Shelby, AL",10500006
1119,"Sumter, AL",283683
1121,"Talladega, AL",2756664
1123,"Tallapoosa, AL",1225259
1125,"Tuscaloosa, AL",10098832
1127,"Walker, AL",1577350
1129,"Washington, AL",732077
1131,"Wilcox, AL",385496
1133,"Winston, AL",700955
2013,"Aleutians East Borough, AK",190988
2016,"Aleutians West Census Area, AK",360360
2020,"Anchorage Municipality, AK",20006260
2050,"Bethel Census Area, AK",647483
2060,"Bristol Bay Borough, AK",107600
2063,"Chugach Census Area, AK*",(NA)
2066,"Copper River Census Area, AK*",(NA)
2068,"Denali Borough, AK",203501
2070,"Dillingham Census Area, AK",215253
2090,"Fairbanks North Star Borough, AK",5092503
2100,"Haines Borough, AK",85107
2105,"Hoonah-Angoon Census Area, AK*",90774
2110,"Juneau City and Borough, AK",2183825
2122,"Kenai Peninsula Borough, AK",2661120
2130,"Ketchikan Gateway Borough, AK*",745136
2150,"Kodiak Island Borough, AK",680484
2158,"Kusilvak Census Area, AK*",141436
2164,"Lake and Peninsula Borough, AK",74371
2170,"Matanuska-Susitna Borough, AK",2534009
2180,"Nome Census Area, AK",395401
2185,"North Slope Borough, AK",9143816
2188,"Northwest Arctic Borough, AK",620696
2195,"Petersburg Borough, AK*",184819
2198,"Prince of Wales-Hyder Census Area, AK*",260584
2201,"Prince of Wales-Outer Ketchikan Census Area, AK*",(NA)
2220,"Sitka City and Borough, AK",385262
2230,"Skagway Municipality, AK*",70752
2232,"Skagway-Hoonah-Angoon Census Area, AK*",(NA)
2240,"Southeast Fairbanks Census Area, AK",622826
2261,"Valdez-Cordova Census Area, AK*",(NA)
2275,"Wrangell City and Borough, AK*",93843
2280,"Wrangell-Petersburg Census Area, AK*",(NA)
2282,"Yakutat City and Borough, AK*",30972
2290,"Yukon-Koyukuk Census Area, AK",256635
4001,"Apache, AZ",2157467
4003,"Cochise, AZ",4501616
4005,"Coconino, AZ",6321341
4007,"Gila, AZ",1684553
4009,"Graham, AZ",982532
4011,"Greenlee, AZ",1499870
4012,"La Paz, AZ",688842
4013,"Maricopa, AZ",231963078
4015,"Mohave, AZ",5113573
4017,"Navajo, AZ",2537793
4019,"Pima, AZ",38478791
4021,"Pinal, AZ",8752073
4023,"Santa Cruz, AZ",1734246
4025,"Yavapai, AZ",6617293
4027,"Yuma, AZ",7422021
5001,"Arkansas, AR",988706
5003,"Ashley, AR",610346
5005,"Baxter, AR",1239729
5007,"Benton, AR",14467239
5009,"Boone, AR",1158133
5011,"Bradley, AR",284345
5013,"Calhoun, AR",307483
5015,"Carroll, AR",773575
5017,"Chicot, AR",249801
5019,"Clark, AR",680628
5021,"Clay, AR",303924
5023,"Cleburne, AR",689702
5025,"Cleveland, AR",96315
5027,"Columbia, AR",770150
5029,"Conway, AR",732630
5031,"Craighead, AR",4256903
5033,"Crawford, AR",1528616
5035,"Crittenden, AR",1598537
5037,"Cross, AR",422368
5039,"Dallas, AR",185424
5041,"Desha, AR",520191
5043,"Drew, AR",521108
5045,"Faulkner, AR",3423095
5047,"Franklin, AR",421930
5049,"Fulton, AR",162030
5051,"Garland, AR",2957264
5053,"Grant, AR",382945
5055,"Greene, AR",1314094
5057,"Hempstead, AR",842144
5059,"Hot Spring, AR",856444
5061,"Howard, AR",508829
5063,"Independence, AR",1487088
5065,"Izard, AR",232164
5067,"Jackson, AR",662759
5069,"Jefferson, AR",2680639
5071,"Johnson, AR",636808
5073,"Lafayette, AR",129237
5075,"Lawrence, AR",423315
5077,"Lee, AR",144788
5079,"Lincoln, AR",207687
5081,"Little River, AR",433041
5083,"Logan, AR",421432
5085,"Lonoke, AR",1182122
5087,"Madison, AR",350421
5089,"Marion, AR",440581
5091,"Miller, AR",1160106
5093,"Mississippi, AR",2619912
5095,"Monroe, AR",186748
5097,"Montgomery, AR",122589
5099,"Nevada, AR",206410
5101,"Newton, AR",89111
5103,"Ouachita, AR",530849
5105,"Perry, AR",129926
5107,"Phillips, AR",471974
5109,"Pike, AR",208413
5111,"Poinsett, AR",540713
5113,"Polk, AR",458968
5115,"Pope, AR",2595596
5117,"Prairie, AR",204171
5119,"Pulaski, AR",25848697
5121,"Randolph, AR",443387
5123,"St. Francis, AR",655629
5125,"Saline, AR",2216370
5127,"Scott, AR",231085
5129,"Searcy, AR",151794
5131,"Sebastian, AR",5993166
5133,"Sevier, AR",411423
5135,"Sharp, AR",275584
5137,"Stone, AR",198469
5139,"Union, AR",2381739
5141,"Van Buren, AR",476650
5143,"Washington, AR",10414772
5145,"White, AR",2097404
5147,"Woodruff, AR",247355
5149,"Yell, AR",524461
6001,"Alameda, CA",121709013
6003,"Alpine, CA",94421
6005,"Amador, CA",1571455
6007,"Butte, CA",8130900
6009,"Calaveras, CA",1312022
6011,"Colusa, CA",1475738
6013,"Contra Costa, CA",76705181
6015,"Del Norte, CA",791153
6017,"El Dorado, CA",6926104
6019,"Fresno, CA",41216318
6021,"Glenn, CA",1305510
6023,"Humboldt, CA",4974904
6025,"Imperial, CA",8273072
6027,"Inyo, CA",1182230
6029,"Kern, CA",48674498
6031,"Kings, CA",6266094
6033,"Lake, CA",1883809
6035,"Lassen, CA",1083379
6037,"Los Angeles, CA",659328437
6039,"Madera, CA",6240917
6041,"Marin, CA",26875951
6043,"Mariposa, CA",705107
6045,"Mendocino, CA",3186549
6047,"Merced, CA",9099866
6049,"Modoc, CA",437915
6051,"Mono, CA",922078
6053,"Monterey, CA",25387255
6055,"Napa, CA",9482760
6057,"Nevada, CA",3803890
6059,"Orange, CA",220845026
6061,"Placer, CA",20860227
6063,"Plumas, CA",910031
6065,"Riverside, CA",78285711
6067,"Sacramento, CA",81577179
6069,"San Benito, CA",2199197
6071,"San Bernardino, CA",82202264
6073,"San Diego, CA",207747927
6075,"San Francisco, CA",175001370
6077,"San Joaquin, CA",28417585
6079,"San Luis Obispo, CA",15536252
6081,"San Mateo, CA",124434270
6083,"Santa Barbara, CA",26623985
6085,"Santa Clara, CA",340009883
6087,"Santa Cruz, CA",13591297
6089,"Shasta, CA",7341817
6091,"Sierra, CA",80670
6093,"Siskiyou, CA",1641363
6095,"Solano, CA",24020822
6097,"Sonoma, CA",26611361
6099,"Stanislaus, CA",21439045
6101,"Sutter, CA",3357591
6103,"Tehama, CA",2011859
6105,"Trinity, CA",368912
6107,"Tulare, CA",17662200
6109,"Tuolumne, CA",2193724
6111,"Ventura, CA",46597738
6113,"Yolo, CA",13587572
6115,"Yuba, CA",3045748
8001,"Adams, CO*",25451180
8003,"Alamosa, CO",664882
8005,"Arapahoe, CO",43489732
8007,"Archuleta, CO",494375
8009,"Baca, CO",173764
8011,"Bent, CO",143196
8013,"Boulder, CO*",26619597
8014,"Broomfield, CO*",6895273
8015,"Chaffee, CO",736035
8017,"Cheyenne, CO",215685
8019,"Clear Creek, CO",500481
8021,"Conejos, CO",204012
8023,"Costilla, CO",88681
8025,"Crowley, CO",123783
8027,"Custer, CO",124417
8029,"Delta, CO",818405
8031,"Denver, CO",71810805
8033,"Dolores, CO",157346
8035,"Douglas, CO",17347206
8037,"Eagle, CO",3446182
8039,"Elbert, CO",652812
8041,"El Paso, CO",33110622
8043,"Fremont, CO",1273467
8045,"Garfield, CO",4218575
8047,"Gilpin, CO",475129
8049,"Grand, CO",850839
8051,"Gunnison, CO",941543
8053,"Hinsdale, CO",31882
8055,"Huerfano, CO",284855
8057,"Jackson, CO",122942
8059,"Jefferson, CO*",29075319
8061,"Kiowa, CO",92444
8063,"Kit Carson, CO",404348
8065,"Lake, CO",279119
8067,"La Plata, CO",3133046
8069,"Larimer, CO",18624980
8071,"Las Animas, CO",687058
8073,"Lincoln, CO",407597
8075,"Logan, CO",993645
8077,"Mesa, CO",5849815
8079,"Mineral, CO",47817
8081,"Moffat, CO",988747
8083,"Montezuma, CO",1698561
8085,"Montrose, CO",1467479
8087,"Morgan, CO",1444845
8089,"Otero, CO",561878
8091,"Ouray, CO",221206
8093,"Park, CO",410660
8095,"Phillips, CO",190461
8097,"Pitkin, CO",1846417
8099,"Prowers, CO",469347
8101,"Pueblo, CO",5552533
8103,"Rio Blanco, CO",776121
8105,"Rio Grande, CO",443550
8107,"Routt, CO",1728212
8109,"Saguache, CO",213097
8111,"San Juan, CO",50883
8113,"San Miguel, CO",553806
8115,"Sedgwick, CO",84330
8117,"Summit, CO",2272803
8119,"Teller, CO",893142
8121,"Washington, CO",224582
8123,"Weld, CO*",20961477
8125,"Yuma, CO",547401
9001,"Fairfield, CT",77114999
9003,"Hartford, CT",73199344
9005,"Litchfield, CT",7185935
9007,"Middlesex, CT",8113106
9009,"New Haven, CT",45522066
9011,"New London, CT",15556716
9013,"Tolland, CT",4875457
9015,"Windham, CT",4363941
10001,"Kent, DE",7646121
10003,"New Castle, DE",42841997
10005,"Sussex, DE",11648893
11001,"District of Columbia, DC",122342074
12001,"Alachua, FL",12653895
12003,"Baker, FL",634614
12005,"Bay, FL",7692145
12007,"Bradford, FL",595628
12009,"Brevard, FL",24277041
12011,"Broward, FL",95048259
12013,"Calhoun, FL",230116
12015,"Charlotte, FL",5123076
12017,"Citrus, FL",3829030
12019,"Clay, FL",4909445
12021,"Collier, FL",17555943
12023,"Columbia, FL",2088576
12027,"DeSoto, FL",976720
12029,"Dixie, FL",281574
12031,"Duval, FL",60529067
12033,"Escambia, FL",14144123
12035,"Flagler, FL",2656526
12037,"Franklin, FL",335276
12039,"Gadsden, FL",1209061
12041,"Gilchrist, FL",433369
12043,"Glades, FL",371528
12045,"Gulf, FL",391919
12047,"Hamilton, FL",465954
12049,"Hardee, FL",1046593
12051,"Hendry, FL",1350357
12053,"Hernando, FL",3928981
12055,"Highlands, FL",2391999
12057,"Hillsborough, FL",83550687
12059,"Holmes, FL",366217
12061,"Indian River, FL",5986673
12063,"Jackson, FL",1225756
12065,"Jefferson, FL",280391
12067,"Lafayette, FL",160099
12069,"Lake, FL",9373794
12071,"Lee, FL",29010141
12073,"Leon, FL",13327769
12075,"Levy, FL",900987
12077,"Liberty, FL",184750
12079,"Madison, FL",394406
12081,"Manatee, FL",14048289
12083,"Marion, FL",9597165
12085,"Martin, FL",7009099
12086,"Miami-Dade, FL",140522662
12087,"Monroe, FL",4384775
12089,"Nassau, FL",2506699
12091,"Okaloosa, FL",11158763
12093,"Okeechobee, FL",1741977
12095,"Orange, FL",83705113
12097,"Osceola, FL",9751770
12099,"Palm Beach, FL",75792930
12101,"Pasco, FL",12330615
12103,"Pinellas, FL",45673601
12105,"Polk, FL",25297584
12107,"Putnam, FL",2037383
12109,"St. Johns, FL",8943146
12111,"St. Lucie, FL",8775826
12113,"Santa Rosa, FL",4421093
12115,"Sarasota, FL",19267728
12117,"Seminole, FL",20452076
12119,"Sumter, FL",3858944
12121,"Suwannee, FL",1144990
12123,"Taylor, FL",633062
12125,"Union, FL",280227
12127,"Volusia, FL",16551140
12129,"Wakulla, FL",669574
12131,"Walton, FL",3008342
12133,"Washington, FL",533506
13001,"Appling, GA",1521770
13003,"Atkinson, GA",217106
13005,"Bacon, GA",349207
13007,"Baker, GA",71567
13009,"Baldwin, GA",1156519
13011,"Banks, GA",352612
13013,"Barrow, GA",2024624
13015,"Bartow, GA",4424931
13017,"Ben Hill, GA",464145
13019,"Berrien, GA",336630
13021,"Bibb, GA",7305106
13023,"Bleckley, GA",213883
13025,"Brantley, GA",218296
13027,"Brooks, GA",422365
13029,"Bryan, GA",935816
13031,"Bulloch, GA",2181129
13033,"Burke, GA",2925520
13035,"Butts, GA",618046
13037,"Calhoun, GA",123269
13039,"Camden, GA",1646245
13043,"Candler, GA",247958
13045,"Carroll, GA",4400168
13047,"Catoosa, GA",1339864
13049,"Charlton, GA",190996
13051,"Chatham, GA",15642840
13053,"Chattahoochee, GA",1482800
13055,"Chattooga, GA",455798
13057,"Cherokee, GA",7195518
13059,"Clarke, GA",6641583
13061,"Clay, GA",91665
13063,"Clayton, GA",12905048
13065,"Clinch, GA",251935
13067,"Cobb, GA",48514523
13069,"Coffee, GA",1344193
13071,"Colquitt, GA",1337602
13073,"Columbia, GA",3695253
13075,"Cook, GA",341195
13077,"Coweta, GA",4420137
13079,"Crawford, GA",143192
13081,"Crisp, GA",761697
13083,"Dade, GA",365935
13085,"Dawson, GA",783732
13087,"Decatur, GA",744779
13089,"DeKalb, GA",36347742
13091,"Dodge, GA",378259
13093,"Dooly, GA",344372
13095,"Dougherty, GA",3924765
13097,"Douglas, GA",4118159
13099,"Early, GA",462425
13101,"Echols, GA",40620
13103,"Effingham, GA",1904352
13105,"Elbert, GA",574295
13107,"Emanuel, GA",607102
13109,"Evans, GA",326637
13111,"Fannin, GA",647971
13113,"Fayette, GA",4690393
13115,"Floyd, GA",3488556
13117,"Forsyth, GA",9300037
13119,"Franklin, GA",773326
13121,"Fulton, GA",161378980
13123,"Gilmer, GA",784987
13125,"Glascock, GA",29249
13127,"Glynn, GA",3398503
13129,"Gordon, GA",2079131
13131,"Grady, GA",575820
13133,"Greene, GA",650595
13135,"Gwinnett, GA",44429717
13137,"Habersham, GA",1322340
13139,"Hall, GA",9941138
13141,"Hancock, GA",142844
13143,"Haralson, GA",730944
13145,"Harris, GA",467952
13147,"Hart, GA",751310
13149,"Heard, GA",1127251
13151,"Henry, GA",6087470
13153,"Houston, GA",6280378
13155,"Irwin, GA",191233
13157,"Jackson, GA",2990715
13159,"Jasper, GA",258766
13161,"Jeff Davis, GA",373385
13163,"Jefferson, GA",488853
13165,"Jenkins, GA",150813
13167,"Johnson, GA",107387
13169,"Jones, GA",399190
13171,"Lamar, GA",391488
13173,"Lanier, GA",113603
13175,"Laurens, GA",1559013
13177,"Lee, GA",671208
13179,"Liberty, GA",3276351
13181,"Lincoln, GA",113359
13183,"Long, GA",155138
13185,"Lowndes, GA",4470317
13187,"Lumpkin, GA",775062
13189,"McDuffie, GA",611029
13191,"McIntosh, GA",216947
13193,"Macon, GA",358204
13195,"Madison, GA",474342
13197,"Marion, GA",96630
13199,"Meriwether, GA",519883
13201,"Miller, GA",195949
13205,"Mitchell, GA",742907
13207,"Monroe, GA",1102190
13209,"Montgomery, GA",142417
13211,"Morgan, GA",784291
13213,"Murray, GA",1167629
13215,"Muscogee, GA",9360230
13217,"Newton, GA",2677863
13219,"Oconee, GA",1407127
13221,"Oglethorpe, GA",272941
13223,"Paulding, GA",2818150
13225,"Peach, GA",825687
13227,"Pickens, GA",884161
13229,"Pierce, GA",378570
13231,"Pike, GA",310544
13233,"Polk, GA",1037230
13235,"Pulaski, GA",264518
13237,"Putnam, GA",494219
13239,"Quitman, GA",33921
13241,"Rabun, GA",514736
13243,"Randolph, GA",162397
13245,"Richmond, GA",10721090
13247,"Rockdale, GA",3513706
13249,"Schley, GA",100456
13251,"Screven, GA",273259
13253,"Seminole, GA",264287
13255,"Spalding, GA",1846823
13257,"Stephens, GA",830995
13259,"Stewart, GA",122188
13261,"Sumter, GA",950445
13263,"Talbot, GA",95452
13265,"Taliaferro, GA",26602
13267,"Tattnall, GA",567829
13269,"Taylor, GA",184546
13271,"Telfair, GA",246532
13273,"Terrell, GA",195020
13275,"Thomas, GA",1864574
13277,"Tift, GA",1736477
13279,"Toombs, GA",865736
13281,"Towns, GA",321399
13283,"Treutlen, GA",93802
13285,"Troup, GA",3148141
13287,"Turner, GA",193233
13289,"Twiggs, GA",247873
13291,"Union, GA",724744
13293,"Upson, GA",621029
13295,"Walker, GA",1294813
13297,"Walton, GA",2368026
13299,"Ware, GA",1217441
13301,"Warren, GA",141782
13303,"Washington, GA",537637
13305,"Wayne, GA",951650
13307,"Webster, GA",52351
13309,"Wheeler, GA",94003
13311,"White, GA",775210
13313,"Whitfield, GA",5122435
13315,"Wilcox, GA",140313
13317,"Wilkes, GA",269409
13319,"Wilkinson, GA",504743
13321,"Worth, GA",316674
15001,"Hawaii, HI",7175967
15003,"Honolulu, HI",53044743
15007,"Kauai, HI",3083667
15901,"Maui + Kalawao, HI*",7325327
16001,"Ada, ID",25889086
16003,"Adams, ID",114947
16005,"Bannock, ID",2566967
16007,"Bear Lake, ID",171133
16009,"Benewah, ID",306338
16011,"Bingham, ID",1346722
16013,"Blaine, ID",1336865
16015,"Boise, ID",157762
16017,"Bonner, ID",1420536
16019,"Bonneville, ID",5458211
16021,"Boundary, ID",344255
16023,"Butte, ID",1170733
16025,"Camas, ID",71162
16027,"Canyon, ID",5997943
16029,"Caribou, ID",637362
16031,"Cassia, ID",1496343
16033,"Clark, ID",47315
16035,"Clearwater, ID",312915
16037,"Custer, ID",186369
16039,"Elmore, ID",1207991
16041,"Franklin, ID",367787
16043,"Fremont (includes Yellowstone Park), ID",365716
16045,"Gem, ID",368635
16047,"Gooding, ID",1305688
16049,"Idaho, ID",421548
16051,"Jefferson, ID",838403
16053,"Jerome, ID",1243797
16055,"Kootenai, ID",5752227
16057,"Latah, ID",1197861
16059,"Lemhi, ID",237544
16061,"Lewis, ID",147045
16063,"Lincoln, ID",280202
16065,"Madison, ID",1173500
16067,"Minidoka, ID",854236
16069,"Nez Perce, ID",1895060
16071,"Oneida, ID",126896
16073,"Owyhee, ID",430686
16075,"Payette, ID",772277
16077,"Power, ID",430205
16079,"Shoshone, ID",531222
16081,"Teton, ID",323660
16083,"Twin Falls, ID",3382755
16085,"Valley, ID",438411
16087,"Washington, ID",436939
17001,"Adams, IL",3004617
17003,"Alexander, IL",147920
17005,"Bond, IL",505790
17007,"Boone, IL",1608551
17009,"Brown, IL",455980
17011,"Bureau, IL",1139625
17013,"Calhoun, IL",81427
17015,"Carroll, IL",563373
17017,"Cass, IL",593363
17019,"Champaign, IL",9763130
17021,"Christian, IL",1265823
17023,"Clark, IL",525463
17025,"Clay, IL",526389
17027,"Clinton, IL",954844
17029,"Coles, IL",2159678
17031,"Cook, IL",344457109
17033,"Crawford, IL",1822658
17035,"Cumberland, IL",924839
17037,"DeKalb, IL",3802486
17039,"De Witt, IL",1187292
17041,"Douglas, IL",986847
17043,"DuPage, IL",81986150
17045,"Edgar, IL",728315
17047,"Edwards, IL",255189
17049,"Effingham, IL",1888634
17051,"Fayette, IL",497287
17053,"Ford, IL",663646
17055,"Franklin, IL",876961
17057,"Fulton, IL",773353
17059,"Gallatin, IL",187066
17061,"Greene, IL",284648
17063,"Grundy, IL",4059818
17065,"Hamilton, IL",291875
17067,"Hancock, IL",515392
17069,"Hardin, IL",70567
17071,"Henderson, IL",167726
17073,"Henry, IL",1382530
17075,"Iroquois, IL",1051553
17077,"Jackson, IL",2164357
17079,"Jasper, IL",443648
17081,"Jefferson, IL",1657999
17083,"Jersey, IL",463177
17085,"Jo Daviess, IL",711418
17087,"Johnson, IL",213340
17089,"Kane, IL",23946745
17091,"Kankakee, IL",5658125
17093,"Kendall, IL",3375378
17095,"Knox, IL",1583351
17097,"Lake, IL",54706679
17099,"LaSalle, IL",5225406
17101,"Lawrence, IL",537410
17103,"Lee, IL",1464440
17105,"Livingston, IL",1786360
17107,"Logan, IL",948474
17109,"McDonough, IL",985645
17111,"McHenry, IL",10170115
17113,"McLean, IL",12822459
17115,"Macon, IL",5589315
17117,"Macoupin, IL",1054833
17119,"Madison, IL",12986578
17121,"Marion, IL",1152914
17123,"Marshall, IL",365992
17125,"Mason, IL",373756
17127,"Massac, IL",542130
17129,"Menard, IL",223795
17131,"Mercer, IL",388188
17133,"Monroe, IL",818856
17135,"Montgomery, IL",907371
17137,"Morgan, IL",1444379
17139,"Moultrie, IL",816150
17141,"Ogle, IL",2619663
17143,"Peoria, IL",11181923
17145,"Perry, IL",579709
17147,"Piatt, IL",499961
17149,"Pike, IL",508290
17151,"Pope, IL",55919
17153,"Pulaski, IL",149905
17155,"Putnam, IL",315308
17157,"Randolph, IL",1254990
17159,"Richland, IL",544301
17161,"Rock Island, IL",9105484
17163,"St. Clair, IL",10421418
17165,"Saline, IL",769519
17167,"Sangamon, IL",9734977
17169,"Schuyler, IL",232053
17171,"Scott, IL",144811
17173,"Shelby, IL",784017
17175,"Stark, IL",209655
17177,"Stephenson, IL",1697006
17179,"Tazewell, IL",4818375
17181,"Union, IL",377182
17183,"Vermilion, IL",2920343
17185,"Wabash, IL",359775
17187,"Warren, IL",738545
17189,"Washington, IL",1038680
17191,"Wayne, IL",401315
17193,"White, IL",485263
17195,"Whiteside, IL",1920402
17197,"Will, IL",30663731
17199,"Williamson, IL",2587496
17201,"Winnebago, IL",11654778
17203,"Woodford, IL",1067716
18001,"Adams, IN",1685437
18003,"Allen, IN",18927630
18005,"Bartholomew, IN",5579423
18007,"Benton, IN",485458
18009,"Blackford, IN",304505
18011,"Boone, IN",3495341
18013,"Brown, IN",245676
18015,"Carroll, IN",669333
18017,"Cass, IN",1271475
18019,"Clark, IN",4842045
18021,"Clay, IN",695762
18023,"Clinton, IN",1378135
18025,"Crawford, IN",167668
18027,"Daviess, IN",1260138
18029,"Dearborn, IN",1716007
18031,"Decatur, IN",1551376
18033,"DeKalb, IN",2395180
18035,"Delaware, IN",3633087
18037,"Dubois, IN",2532051
18039,"Elkhart, IN",14261050
18041,"Fayette, IN",513976
18043,"Floyd, IN",2658311
18045,"Fountain, IN",466461
18047,"Franklin, IN",520967
18049,"Fulton, IN",640187
18051,"Gibson, IN",3100741
18053,"Grant, IN",2093862
18055,"Greene, IN",576789
18057,"Hamilton, IN",18110560
18059,"Hancock, IN",2867248
18061,"Harrison, IN",1033147
18063,"Hendricks, IN",6550833
18065,"Henry, IN",1253171
18067,"Howard, IN",3685452
18069,"Huntington, IN",1330672
18071,"Jackson, IN",2254476
18073,"Jasper, IN",1343705
18075,"Jay, IN",879459
18077,"Jefferson, IN",1405204
18079,"Jennings, IN",716252
18081,"Johnson, IN",5101454
18083,"Knox, IN",1714023
18085,"Kosciusko, IN",5310213
18087,"Lagrange, IN",1678576
18089,"Lake, IN",21806214
18091,"LaPorte, IN",3805458
18093,"Lawrence, IN",1303826
18095,"Madison, IN",3399219
18097,"Marion, IN",81197410
18099,"Marshall, IN",1516544
18101,"Martin, IN",1055446
18103,"Miami, IN",861825
18105,"Monroe, IN",6186198
18107,"Montgomery, IN",1606946
18109,"Morgan, IN",1660253
18111,"Newton, IN",346336
18113,"Noble, IN",1704802
18115,"Ohio, IN",91361
18117,"Orange, IN",541166
18119,"Owen, IN",494751
18121,"Parke, IN",338714
18123,"Perry, IN",723234
18125,"Pike, IN",625626
18127,"Porter, IN",6902283
18129,"Posey, IN",3304029
18131,"Pulaski, IN",617329
18133,"Putnam, IN",993706
18135,"Randolph, IN",714945
18137,"Ripley, IN",1087534
18139,"Rush, IN",576478
18141,"St. Joseph, IN",12303774
18143,"Scott, IN",641588
18145,"Shelby, IN",1823360
18147,"Spencer, IN",849445
18149,"Starke, IN",528176
18151,"Steuben, IN",1312223
18153,"Sullivan, IN",817463
18155,"Switzerland, IN",197086
18157,"Tippecanoe, IN",9037103
18159,"Tipton, IN",561148
18161,"Union, IN",129360
18163,"Vanderburgh, IN",9844592
18165,"Vermillion, IN",791356
18167,"Vigo, IN",4180953
18169,"Wabash, IN",1096096
18171,"Warren, IN",229338
18173,"Warrick, IN",2289923
18175,"Washington, IN",595674
18177,"Wayne, IN",2485429
18179,"Wells, IN",1050120
18181,"White, IN",957235
18183,"Whitley, IN",1556320
19001,"Adair, IA",402814
19003,"Adams, IA",216645
19005,"Allamakee, IA",609114
19007,"Appanoose, IA",358406
19009,"Audubon, IA",315436
19011,"Benton, IA",876669
19013,"Black Hawk, IA",6739491
19015,"Boone, IA",985932
19017,"Bremer, IA",973599
19019,"Buchanan, IA",763992
19021,"Buena Vista, IA",1176198
19023,"Butler, IA",405203
19025,"Calhoun, IA",412840
19027,"Carroll, IA",1229619
19029,"Cass, IA",586425
19031,"Cedar, IA",575676
19033,"Cerro Gordo, IA",2168339
19035,"Cherokee, IA",649686
19037,"Chickasaw, IA",615562
19039,"Clarke, IA",350593
19041,"Clay, IA",1002724
19043,"Clayton, IA",813471
19045,"Clinton, IA",1935211
19047,"Crawford, IA",733641
19049,"Dallas, IA",4725730
19051,"Davis, IA",236188
19053,"Decatur, IA",177057
19055,"Delaware, IA",900088
19057,"Des Moines, IA",1821165
19059,"Dickinson, IA",927622
19061,"Dubuque, IA",5801448
19063,"Emmet, IA",319903
19065,"Fayette, IA",723357
19067,"Floyd, IA",728635
19069,"Franklin, IA",592624
19071,"Fremont, IA",295825
19073,"Greene, IA",463472
19075,"Grundy, IA",497417
19077,"Guthrie, IA",432510
19079,"Hamilton, IA",724844
19081,"Hancock, IA",709534
19083,"Hardin, IA",765366
19085,"Harrison, IA",387493
19087,"Henry, IA",808335
19089,"Howard, IA",458488
19091,"Humboldt, IA",444169
19093,"Ida, IA",531668
19095,"Iowa, IA",1025439
19097,"Jackson, IA",635772
19099,"Jasper, IA",1084946
19101,"Jefferson, IA",620901
19103,"Johnson, IA",8212803
19105,"Jones, IA",598102
19107,"Keokuk, IA",341047
19109,"Kossuth, IA",856257
19111,"Lee, IA",1560691
19113,"Linn, IA",14876063
19115,"Louisa, IA",674845
19117,"Lucas, IA",292165
19119,"Lyon, IA",869854
19121,"Madison, IA",378033
19123,"Mahaska, IA",802001
19125,"Marion, IA",1825393
19127,"Marshall, IA",1723522
19129,"Mills, IA",495673
19131,"Mitchell, IA",621991
19133,"Monona, IA",319428
19135,"Monroe, IA",375333
19137,"Montgomery, IA",363504
19139,"Muscatine, IA",2311461
19141,"O'Brien, IA",886548
19143,"Osceola, IA",359123
19145,"Page, IA",558239
19147,"Palo Alto, IA",521242
19149,"Plymouth, IA",1339989
19151,"Pocahontas, IA",513918
19153,"Polk, IA",40003968
19155,"Pottawattamie, IA",3627672
19157,"Poweshiek, IA",1106728
19159,"Ringgold, IA",193972
19161,"Sac, IA",568873
19163,"Scott, IA",8387605
19165,"Shelby, IA",651440
19167,"Sioux, IA",2427524
19169,"Story, IA",4862860
19171,"Tama, IA",676404
19173,"Taylor, IA",238099
19175,"Union, IA",574710
19177,"Van Buren, IA",194837
19179,"Wapello, IA",1405406
19181,"Warren, IA",1101369
19183,"Washington, IA",1034583
19185,"Wayne, IA",214858
19187,"Webster, IA",1795898
19189,"Winnebago, IA",401474
19191,"Winneshiek, IA",977316
19193,"Woodbury, IA",4505396
19195,"Worth, IA",270948
19197,"Wright, IA",643686
20001,"Allen, KS",537007
20003,"Anderson, KS",279938
20005,"Atchison, KS",653366
20007,"Barber, KS",206714
20009,"Barton, KS",1152933
20011,"Bourbon, KS",551341
20013,"Brown, KS",471878
20015,"Butler, KS",2412601
20017,"Chase, KS",125281
20019,"Chautauqua, KS",76430
20021,"Cherokee, KS",717388
20023,"Cheyenne, KS",138108
20025,"Clark, KS",207497
20027,"Clay, KS",268434
20029,"Cloud, KS",347936
20031,"Coffey, KS",804570
20033,"Comanche, KS",60603
20035,"Cowley, KS",1222928
20037,"Crawford, KS",1495298
20039,"Decatur, KS",154304
20041,"Dickinson, KS",592121
20043,"Doniphan, KS",239185
20045,"Douglas, KS",4362445
20047,"Edwards, KS",189183
20049,"Elk, KS",70286
20051,"Ellis, KS",1467560
20053,"Ellsworth, KS",265638
20055,"Finney, KS",2061237
20057,"Ford, KS",2173959
20059,"Franklin, KS",818567
20061,"Geary, KS",2671243
20063,"Gove, KS",155147
20065,"Graham, KS",128804
20067,"Grant, KS",461610
20069,"Gray, KS",609623
20071,"Greeley, KS",160056
20073,"Greenwood, KS",150528
20075,"Hamilton, KS",300034
20077,"Harper, KS",336793
20079,"Harvey, KS",1154214
20081,"Haskell, KS",337005
20083,"Hodgeman, KS",155446
20085,"Jackson, KS",350273
20087,"Jefferson, KS",389694
20089,"Jewell, KS",134852
20091,"Johnson, KS",45975899
20093,"Kearny, KS",265580
20095,"Kingman, KS",348925
20097,"Kiowa, KS",123322
20099,"Labette, KS",744087
20101,"Lane, KS",129817
20103,"Leavenworth, KS",2562300
20105,"Lincoln, KS",125795
20107,"Linn, KS",464947
20109,"Logan, KS",168538
20111,"Lyon, KS",1315623
20113,"McPherson, KS",1975391
20115,"Marion, KS",378791
20117,"Marshall, KS",458072
20119,"Meade, KS",261867
20121,"Miami, KS",870369
20123,"Mitchell, KS",422965
20125,"Montgomery, KS",1774966
20127,"Morris, KS",189998
20129,"Morton, KS",150566
20131,"Nemaha, KS",426018
20133,"Neosho, KS",527388
20135,"Ness, KS",192308
20137,"Norton, KS",236493
20139,"Osage, KS",290191
20141,"Osborne, KS",163332
20143,"Ottawa, KS",110859
20145,"Pawnee, KS",283126
20147,"Phillips, KS",397344
20149,"Pottawatomie, KS",1093410
20151,"Pratt, KS",557276
20153,"Rawlins, KS",142977
20155,"Reno, KS",2285662
20157,"Republic, KS",202298
20159,"Rice, KS",584050
20161,"Riley, KS",2370597
20163,"Rooks, KS",190756
20165,"Rush, KS",155519
20167,"Russell, KS",262542
20169,"Saline, KS",2480833
20171,"Scott, KS",322982
20173,"Sedgwick, KS",27591664
20175,"Seward, KS",1189257
20177,"Shawnee, KS",9399237
20179,"Sheridan, KS",133084
20181,"Sherman, KS",284558
20183,"Smith, KS",173358
20185,"Stafford, KS",207651
20187,"Stanton, KS",234000
20189,"Stevens, KS",352521
20191,"Sumner, KS",658477
20193,"Thomas, KS",540529
20195,"Trego, KS",161973
20197,"Wabaunsee, KS",136101
20199,"Wallace, KS",106165
20201,"Washington, KS",230175
20203,"Wichita, KS",240836
20205,"Wilson, KS",295075
20207,"Woodson, KS",80660
20209,"Wyandotte, KS",10800431
21001,"Adair, KY",343265
21003,"Allen, KY",427733
21005,"Anderson, KY",492891
21007,"Ballard, KY",208519
21009,"Barren, KY",1277879
21011,"Bath, KY",177204
21013,"Bell, KY",683774
21015,"Boone, KY",10200886
21017,"Bourbon, KY",863098
21019,"Boyd, KY",4053520
21021,"Boyle, KY",1074985
21023,"Bracken, KY",141695
21025,"Breathitt, KY",182932
21027,"Breckinridge, KY",363440
21029,"Bullitt, KY",2233899
21031,"Butler, KY",286903
21033,"Caldwell, KY",364540
21035,"Calloway, KY",1245227
21037,"Campbell, KY",3005234
21039,"Carlisle, KY",149113
21041,"Carroll, KY",1800554
21043,"Carter, KY",442835
21045,"Casey, KY",308730
21047,"Christian, KY",5298755
21049,"Clark, KY",1310952
21051,"Clay, KY",293610
21053,"Clinton, KY",293409
21055,"Crittenden, KY",177541
21057,"Cumberland, KY",150904
21059,"Daviess, KY",4033287
21061,"Edmonson, KY",166968
21063,"Elliott, KY",69565
21065,"Estill, KY",191815
21067,"Fayette, KY",17759671
21069,"Fleming, KY",291750
21071,"Floyd, KY",998204
21073,"Franklin, KY",2660456
21075,"Fulton, KY",178764
21077,"Gallatin, KY",364883
21079,"Garrard, KY",225440
21081,"Grant, KY",449892
21083,"Graves, KY",1122237
21085,"Grayson, KY",641835
21087,"Green, KY",157866
21089,"Greenup, KY",799026
21091,"Hancock, KY",849056
21093,"Hardin, KY",4620201
21095,"Harlan, KY",477056
21097,"Harrison, KY",460105
21099,"Hart, KY",503109
21101,"Henderson, KY",1827846
21103,"Henry, KY",321642
21105,"Hickman, KY",158559
21107,"Hopkins, KY",1658687
21109,"Jackson, KY",140278
21111,"Jefferson, KY",48558750
21113,"Jessamine, KY",1810356
21115,"Johnson, KY",392622
21117,"Kenton, KY",7671398
21119,"Knott, KY",199340
21121,"Knox, KY",525480
21123,"Larue, KY",203407
21125,"Laurel, KY",1844072
21127,"Lawrence, KY",321151
21129,"Lee, KY",121383
21131,"Leslie, KY",146541
21133,"Letcher, KY",301766
21135,"Lewis, KY",183582
21137,"Lincoln, KY",368704
21139,"Livingston, KY",273944
21141,"Logan, KY",1192743
21143,"Lyon, KY",197733
21145,"McCracken, KY",3645427
21147,"McCreary, KY",231741
21149,"McLean, KY",229091
21151,"Madison, KY",2591253
21153,"Magoffin, KY",142324
21155,"Marion, KY",795337
21157,"Marshall, KY",1262796
21159,"Martin, KY",208899
21161,"Mason, KY",1021213
21163,"Meade, KY",497259
21165,"Menifee, KY",79227
21167,"Mercer, KY",695751
21169,"Metcalfe, KY",165705
21171,"Monroe, KY",280517
21173,"Montgomery, KY",877119
21175,"Morgan, KY",221509
21177,"Muhlenberg, KY",1066001
21179,"Nelson, KY",1405150
21181,"Nicholas, KY",85379
21183,"Ohio, KY",729189
21185,"Oldham, KY",1679452
21187,"Owen, KY",165798
21189,"Owsley, KY",42305
21191,"Pendleton, KY",254784
21193,"Perry, KY",854110
21195,"Pike, KY",1843038
21197,"Powell, KY",200970
21199,"Pulaski, KY",1928098
21201,"Robertson, KY",23335
21203,"Rockcastle, KY",284753
21205,"Rowan, KY",632965
21207,"Russell, KY",577519
21209,"Scott, KY",3203386
21211,"Shelby, KY",1482034
21213,"Simpson, KY",897581
21215,"Spencer, KY",258814
21217,"Taylor, KY",789790
21219,"Todd, KY",336601
21221,"Trigg, KY",247389
21223,"Trimble, KY",495830
21225,"Union, KY",855597
21227,"Warren, KY",5474620
21229,"Washington, KY",284077
21231,"Wayne, KY",386501
21233,"Webster, KY",391434
21235,"Whitley, KY",925806
21237,"Wolfe, KY",91355
21239,"Woodford, KY",1041687
22001,"Acadia, LA",1440636
22003,"Allen, LA",608593
22005,"Ascension, LA",7915627
22007,"Assumption, LA",428691
22009,"Avoyelles, LA",817163
22011,"Beauregard, LA",989099
22013,"Bienville, LA",627061
22015,"Bossier, LA",4927925
22017,"Caddo, LA",11735815
22019,"Calcasieu, LA",14102712
22021,"Caldwell, LA",168999
22023,"Cameron, LA",1040715
22025,"Catahoula, LA",177240
22027,"Claiborne, LA",384797
22029,"Concordia, LA",544397
22031,"De Soto, LA",3051035
22033,"East Baton Rouge, LA",32159428
22035,"East Carroll, LA",168730
22037,"East Feliciana, LA",451093
22039,"Evangeline, LA",870692
22041,"Franklin, LA",537030
22043,"Grant, LA",320245
22045,"Iberia, LA",2702549
22047,"Iberville, LA",1783591
22049,"Jackson, LA",415233
22051,"Jefferson, LA",20237809
22053,"Jefferson Davis, LA",880532
22055,"Lafayette, LA",12148850
22057,"Lafourche, LA",3686250
22059,"LaSalle, LA",471998
22061,"Lincoln, LA",2003358
22063,"Livingston, LA",2874243
22065,"Madison, LA",420428
22067,"Morehouse, LA",578410
22069,"Natchitoches, LA",1224853
22071,"Orleans, LA",20227763
22073,"Ouachita, LA",6165716
22075,"Plaquemines, LA",3575101
22077,"Pointe Coupee, LA",700627
22079,"Rapides, LA",4971096
22081,"Red River, LA",931094
22083,"Richland, LA",551447
22085,"Sabine, LA",700624
22087,"St. Bernard, LA",1494407
22089,"St. Charles, LA",8742131
22091,"St. Helena, LA",171827
22093,"St. James, LA",2917005
22095,"St. John the Baptist, LA",4079861
22097,"St. Landry, LA",2361621
22099,"St. Martin, LA",1088992
22101,"St. Mary, LA",2046665
22103,"St. Tammany, LA",10964414
22105,"Tangipahoa, LA",4016999
22107,"Tensas, LA",122088
22109,"Terrebonne, LA",4578577
22111,"Union, LA",420495
22113,"Vermilion, LA",1434589
22115,"Vernon, LA",1822304
22117,"Washington, LA",1012217
22119,"Webster, LA",1037592
22121,"West Baton Rouge, LA",2197706
22123,"West Carroll, LA",189738
22125,"West Feliciana, LA",920635
22127,"Winn, LA",399420
23001,"Androscoggin, ME",4305584
23003,"Aroostook, ME",2360223
23005,"Cumberland, ME",20215058
23007,"Franklin, ME",947437
23009,"Hancock, ME",2202627
23011,"Kennebec, ME",5196253
23013,"Knox, ME",1616857
23015,"Lincoln, ME",1055438
23017,"Oxford, ME",1508900
23019,"Penobscot, ME",5926747
23021,"Piscataquis, ME",501391
23023,"Sagadahoc, ME",1365147
23025,"Somerset, ME",1546075
23027,"Waldo, ME",1241039
23029,"Washington, ME",1029367
23031,"York, ME",7744082
24001,"Allegany, MD",2609214
24003,"Anne Arundel, MD",44922819
24005,"Baltimore, MD",47546919
24009,"Calvert, MD",4116429
24011,"Caroline, MD",1040641
24013,"Carroll, MD",5574693
24015,"Cecil, MD",4386408
24017,"Charles, MD",5230001
24019,"Dorchester, MD",1175636
24021,"Frederick, MD",12237426
24023,"Garrett, MD",1141970
24025,"Harford, MD",11992841
24027,"Howard, MD",24560917
24029,"Kent, MD",820422
24031,"Montgomery, MD",81242111
24033,"Prince George's, MD",39905568
24035,"Queen Anne's, MD",1600285
24037,"St. Mary's, MD",7043846
24039,"Somerset, MD",739593
24041,"Talbot, MD",1694222
24043,"Washington, MD",6118736
24045,"Wicomico, MD",4489511
24047,"Worcester, MD",2273029
24510,"Baltimore (Independent City), MD",40612851
25001,"Barnstable, MA",11278337
25003,"Berkshire, MA",5903065
25005,"Bristol, MA",23284414
25007,"Dukes, MA",1315563
25009,"Essex, MA",40506440
25011,"Franklin, MA",2699832
25013,"Hampden, MA",19664592
25015,"Hampshire, MA",6598093
25017,"Middlesex, MA",160961586
25019,"Nantucket, MA",1207111
25021,"Norfolk, MA",47168994
25023,"Plymouth, MA",22337343
25025,"Suffolk, MA",116615766
25027,"Worcester, MA",39168305
26001,"Alcona, MI",197202
26003,"Alger, MI",236914
26005,"Allegan, MI",4033931
26007,"Alpena, MI",944360
26009,"Antrim, MI",539181
26011,"Arenac, MI",390379
26013,"Baraga, MI",243725
26015,"Barry, MI",1459336
26017,"Bay, MI",3217281
26019,"Benzie, MI",475747
26021,"Berrien, MI",6896322
26023,"Branch, MI",1326665
26025,"Calhoun, MI",5700101
26027,"Cass, MI",999967
26029,"Charlevoix, MI",1037057
26031,"Cheboygan, MI",535519
26033,"Chippewa, MI",994850
26035,"Clare, MI",994527
26037,"Clinton, MI",1975557
26039,"Crawford, MI",368441
26041,"Delta, MI",1110812
26043,"Dickinson, MI",1182265
26045,"Eaton, MI",4628748
26047,"Emmet, MI",1494317
26049,"Genesee, MI",14117264
26051,"Gladwin, MI",435133
26053,"Gogebic, MI",415341
26055,"Grand Traverse, MI",4575204
26057,"Gratiot, MI",1275044
26059,"Hillsdale, MI",1363459
26061,"Houghton, MI",991195
26063,"Huron, MI",1455458
26065,"Ingham, MI",14579594
26067,"Ionia, MI",1404402
26069,"Iosco, MI",765219
26071,"Iron, MI",290024
26073,"Isabella, MI",2020138
26075,"Jackson, MI",5871461
26077,"Kalamazoo, MI",12037302
26079,"Kalkaska, MI",491461
26081,"Kent, MI",36927884
26083,"Keweenaw, MI",45682
26085,"Lake, MI",214031
26087,"Lapeer, MI",2012718
26089,"Leelanau, MI",698025
26091,"Lenawee, MI",2649305
26093,"Livingston, MI",6303595
26095,"Luce, MI",135234
26097,"Mackinac, MI",364549
26099,"Macomb, MI",33850873
26101,"Manistee, MI",774504
26103,"Marquette, MI",2520403
26105,"Mason, MI",907758
26107,"Mecosta, MI",1104643
26109,"Menominee, MI",639434
26111,"Midland, MI",4597719
26113,"Missaukee, MI",401256
26115,"Monroe, MI",5204777
26117,"Montcalm, MI",1490399
26119,"Montmorency, MI",263215
26121,"Muskegon, MI",5444043
26123,"Newaygo, MI",1231373
26125,"Oakland, MI",91328190
26127,"Oceana, MI",593278
26129,"Ogemaw, MI",510673
26131,"Ontonagon, MI",122250
26133,"Osceola, MI",680959
26135,"Oscoda, MI",172906
26137,"Otsego, MI",946528
26139,"Ottawa, MI",12961281
26141,"Presque Isle, MI",313525
26143,"Roscommon, MI",534913
26145,"Saginaw, MI",7294697
26147,"St. Clair, MI",4680402
26149,"St. Joseph, MI",1888421
26151,"Sanilac, MI",1124130
26153,"Schoolcraft, MI",244711
26155,"Shiawassee, MI",1496778
26157,"Tuscola, MI",1199686
26159,"Van Buren, MI",2745551
26161,"Washtenaw, MI",22186983
26163,"Wayne, MI",82616072
26165,"Wexford, MI",1132007
27001,"Aitkin, MN",430962
27003,"Anoka, MN",13772356
27005,"Becker, MN",1280219
27007,"Beltrami, MN",1612174
27009,"Benton, MN",1645629
27011,"Big Stone, MN",205772
27013,"Blue Earth, MN",3669556
27015,"Brown, MN",1313506
27017,"Carlton, MN",1182784
27019,"Carver, MN",4980914
27021,"Cass, MN",885615
27023,"Chippewa, MN",552826
27025,"Chisago, MN",1453646
27027,"Clay, MN",1826127
27029,"Clearwater, MN",246713
27031,"Cook, MN",212954
27033,"Cottonwood, MN",648533
27035,"Crow Wing, MN",2442378
27037,"Dakota, MN",24623518
27039,"Dodge, MN",668993
27041,"Douglas, MN",1789728
27043,"Faribault, MN",493288
27045,"Fillmore, MN",608221
27047,"Freeborn, MN",1140707
27049,"Goodhue, MN",2671976
27051,"Grant, MN",271149
27053,"Hennepin, MN",121458435
27055,"Houston, MN",519685
27057,"Hubbard, MN",682769
27059,"Isanti, MN",1005685
27061,"Itasca, MN",1823442
27063,"Jackson, MN",644038
27065,"Kanabec, MN",377047
27067,"Kandiyohi, MN",2105998
27069,"Kittson, MN",219791
27071,"Koochiching, MN",474033
27073,"Lac qui Parle, MN",265701
27075,"Lake, MN",498989
27077,"Lake of the Woods, MN",183805
27079,"Le Sueur, MN",910006
27081,"Lincoln, MN",359613
27083,"Lyon, MN",1376454
27085,"McLeod, MN",1634606
27087,"Mahnomen, MN",145455
27089,"Marshall, MN",383671
27091,"Martin, MN",972250
27093,"Meeker, MN",885524
27095,"Mille Lacs, MN",729852
27097,"Morrison, MN",1102145
27099,"Mower, MN",1706376
27101,"Murray, MN",565693
27103,"Nicollet, MN",1448280
27105,"Nobles, MN",1217177
27107,"Norman, MN",225646
27109,"Olmsted, MN",10604454
27111,"Otter Tail, MN",2152495
27113,"Pennington, MN",1626456
27115,"Pine, MN",664796
27117,"Pipestone, MN",670328
27119,"Polk, MN",1331387
27121,"Pope, MN",522227
27123,"Ramsey, MN",36804698
27125,"Red Lake, MN",142880
27127,"Redwood, MN",848870
27129,"Renville, MN",761893
27131,"Rice, MN",2497511
27133,"Rock, MN",656535
27135,"Roseau, MN",966600
27137,"St. Louis, MN",8940223
27139,"Scott, MN",6307681
27141,"Sherburne, MN",2994983
27143,"Sibley, MN",433878
27145,"Stearns, MN",7898838
27147,"Steele, MN",2094033
27149,"Stevens, MN",603904
27151,"Swift, MN",449447
27153,"Todd, MN",818847
27155,"Traverse, MN",237751
27157,"Wabasha, MN",730897
27159,"Wadena, MN",482254
27161,"Waseca, MN",748722
27163,"Washington, MN",11085964
27165,"Watonwan, MN",440690
27167,"Wilkin, MN",258586
27169,"Winona, MN",2175504
27171,"Wright, MN",4529492
27173,"Yellow Medicine, MN",504674
28001,"Adams, MS",826117
28003,"Alcorn, MS",1085560
28005,"Amite, MS",206004
28007,"Attala, MS",429819
28009,"Benton, MS",275925
28011,"Bolivar, MS",859725
28013,"Calhoun, MS",264381
28015,"Carroll, MS",97794
28017,"Chickasaw, MS",497108
28019,"Choctaw, MS",659804
28021,"Claiborne, MS",541117
28023,"Clarke, MS",261408
28025,"Clay, MS",492069
28027,"Coahoma, MS",613388
28029,"Copiah, MS",587833
28031,"Covington, MS",514185
28033,"DeSoto, MS",5488463
28035,"Forrest, MS",3156448
28037,"Franklin, MS",169779
28039,"George, MS",433331
28041,"Greene, MS",137190
28043,"Grenada, MS",806897
28045,"Hancock, MS",1454494
28047,"Harrison, MS",7622649
28049,"Hinds, MS",10547009
28051,"Holmes, MS",240741
28053,"Humphreys, MS",172759
28055,"Issaquena, MS",25542
28057,"Itawamba, MS",537994
28059,"Jackson, MS",6985122
28061,"Jasper, MS",539157
28063,"Jefferson, MS",112066
28065,"Jefferson Davis, MS",161159
28067,"Jones, MS",2247208
28069,"Kemper, MS",294110
28071,"Lafayette, MS",1854316
28073,"Lamar, MS",1541426
28075,"Lauderdale, MS",2971235
28077,"Lawrence, MS",307161
28079,"Leake, MS",492108
28081,"Lee, MS",4402941
28083,"Leflore, MS",1053322
28085,"Lincoln, MS",1029781
28087,"Lowndes, MS",2728379
28089,"Madison, MS",5576138
28091,"Marion, MS",798297
28093,"Marshall, MS",686530
28095,"Monroe, MS",835438
28097,"Montgomery, MS",170747
28099,"Neshoba, MS",873333
28101,"Newton, MS",442452
28103,"Noxubee, MS",208555
28105,"Oktibbeha, MS",1580015
28107,"Panola, MS",978036
28109,"Pearl River, MS",995798
28111,"Perry, MS",267404
28113,"Pike, MS",998633
28115,"Pontotoc, MS",860340
28117,"Prentiss, MS",529858
28119,"Quitman, MS",90068
28121,"Rankin, MS",5986619
28123,"Scott, MS",1011626
28125,"Sharkey, MS",97013
28127,"Simpson, MS",543015
28129,"Smith, MS",324640
28131,"Stone, MS",336451
28133,"Sunflower, MS",584803
28135,"Tallahatchie, MS",243888
28137,"Tate, MS",454864
28139,"Tippah, MS",584437
28141,"Tishomingo, MS",540334
28143,"Tunica, MS",423671
28145,"Union, MS",983203
28147,"Walthall, MS",231459
28149,"Warren, MS",2031590
28151,"Washington, MS",1286769
28153,"Wayne, MS",559792
28155,"Webster, MS",179796
28157,"Wilkinson, MS",131333
28159,"Winston, MS",453211
28161,"Yalobusha, MS",298339
28163,"Yazoo, MS",690442
29001,"Adair, MO",734841
29003,"Andrew, MO",302069
29005,"Atchison, MO",309676
29007,"Audrain, MO",868166
29009,"Barry, MO",1416424
29011,"Barton, MO",347353
29013,"Bates, MO",440755
29015,"Benton, MO",356086
29017,"Bollinger, MO",180541
29019,"Boone, MO",8771757
29021,"Buchanan, MO",4505430
29023,"Butler, MO",1336172
29025,"Caldwell, MO",201609
29027,"Callaway, MO",1674580
29029,"Camden, MO",1368158
29031,"Cape Girardeau, MO",3621817
29033,"Carroll, MO",317468
29035,"Carter, MO",108372
29037,"Cass, MO",2482296
29039,"Cedar, MO",264496
29041,"Chariton, MO",278482
29043,"Christian, MO",1594768
29045,"Clark, MO",148850
29047,"Clay, MO",11235550
29049,"Clinton, MO",376460
29051,"Cole, MO",4877360
29053,"Cooper, MO",411490
29055,"Crawford, MO",584515
29057,"Dade, MO",184503
29059,"Dallas, MO",232589
29061,"Daviess, MO",186130
29063,"DeKalb, MO",309278
29065,"Dent, MO",334360
29067,"Douglas, MO",190379
29069,"Dunklin, MO",632647
29071,"Franklin, MO",4268971
29073,"Gasconade, MO",423064
29075,"Gentry, MO",221352
29077,"Greene, MO",14988265
29079,"Grundy, MO",314056
29081,"Harrison, MO",244199
29083,"Henry, MO",657323
29085,"Hickory, MO",133836
29087,"Holt, MO",216023
29089,"Howard, MO",208493
29091,"Howell, MO",1122989
29093,"Iron, MO",424075
29095,"Jackson, MO",41704032
29097,"Jasper, MO",4814364
29099,"Jefferson, MO",4724734
29101,"Johnson, MO",1717673
29103,"Knox, MO",129157
29105,"Laclede, MO",1093856
29107,"Lafayette, MO",770479
29109,"Lawrence, MO",801319
29111,"Lewis, MO",237022
29113,"Lincoln, MO",1184720
29115,"Linn, MO",394431
29117,"Livingston, MO",524711
29119,"McDonald, MO",675947
29121,"Macon, MO",494438
29123,"Madison, MO",262763
29125,"Maries, MO",160978
29127,"Marion, MO",1093962
29129,"Mercer, MO",103815
29131,"Miller, MO",619737
29133,"Mississippi, MO",342629
29135,"Moniteau, MO",425491
29137,"Monroe, MO",193307
29139,"Montgomery, MO",356687
29141,"Morgan, MO",474887
29143,"New Madrid, MO",939359
29145,"Newton, MO",1896988
29147,"Nodaway, MO",700932
29149,"Oregon, MO",199522
29151,"Osage, MO",396809
29153,"Ozark, MO",117568
29155,"Pemiscot, MO",384543
29157,"Perry, MO",1006137
29159,"Pettis, MO",1546870
29161,"Phelps, MO",1408644
29163,"Pike, MO",489732
29165,"Platte, MO",5892862
29167,"Polk, MO",705966
29169,"Pulaski, MO",2112290
29171,"Putnam, MO",125718
29173,"Ralls, MO",583902
29175,"Randolph, MO",1078267
29177,"Ray, MO",452591
29179,"Reynolds, MO",224750
29181,"Ripley, MO",196319
29183,"St. Charles, MO",15534121
29185,"St. Clair, MO",152563
29186,"Ste. Genevieve, MO",597838
29187,"St. Francois, MO",1537853
29189,"St. Louis, MO",70227464
29195,"Saline, MO",859986
29197,"Schuyler, MO",85126
29199,"Scotland, MO",150546
29201,"Scott, MO",1489290
29203,"Shannon, MO",126139
29205,"Shelby, MO",178179
29207,"Stoddard, MO",958456
29209,"Stone, MO",623184
29211,"Sullivan, MO",505987
29213,"Taney, MO",1978616
29215,"Texas, MO",506163
29217,"Vernon, MO",784509
29219,"Warren, MO",805853
29221,"Washington, MO",366771
29223,"Wayne, MO",199210
29225,"Webster, MO",700185
29227,"Worth, MO",55828
29229,"Wright, MO",300140
29510,"St. Louis (Independent City), MO",25661422
30001,"Beaverhead, MT",398758
30003,"Big Horn, MT",805983
30005,"Blaine, MT",185714
30007,"Broadwater, MT",167797
30009,"Carbon, MT",346358
30011,"Carter, MT",63600
30013,"Cascade, MT",3260734
30015,"Chouteau, MT",261728
30017,"Custer, MT",422601
30019,"Daniels, MT",117122
30021,"Dawson, MT",407073
30023,"Deer Lodge, MT",237288
30025,"Fallon, MT",239054
30027,"Fergus, MT",444668
30029,"Flathead, MT",3693810
30031,"Gallatin, MT",5660927
30033,"Garfield, MT",51818
30035,"Glacier, MT",435361
30037,"Golden Valley, MT",29653
30039,"Granite, MT",89273
30041,"Hill, MT",676889
30043,"Jefferson, MT",241102
30045,"Judith Basin, MT",109701
30047,"Lake, MT",766670
30049,"Lewis and Clark, MT",3136376
30051,"Liberty, MT",217082
30053,"Lincoln, MT",526520
30055,"McCone, MT",108563
30057,"Madison, MT",454175
30059,"Meagher, MT",63091
30061,"Mineral, MT",88862
30063,"Missoula, MT",4953783
30065,"Musselshell, MT",283108
30067,"Park, MT",532202
30069,"Petroleum, MT",18835
30071,"Phillips, MT",144484
30073,"Pondera, MT",225828
30075,"Powder River, MT",205811
30077,"Powell, MT",200193
30079,"Prairie, MT",50478
30081,"Ravalli, MT",1041465
30083,"Richland, MT",957872
30085,"Roosevelt, MT",436818
30087,"Rosebud, MT",696614
30089,"Sanders, MT",328388
30091,"Sheridan, MT",190770
30093,"Silver Bow, MT",1332876
30095,"Stillwater, MT",712788
30097,"Sweet Grass, MT",253572
30099,"Teton, MT",245594
30101,"Toole, MT",346620
30103,"Treasure, MT",79884
30105,"Valley, MT",306609
30107,"Wheatland, MT",93119
30109,"Wibaux, MT",53782
30111,"Yellowstone, MT",8602799
31001,"Adams, NE",1671707
31003,"Antelope, NE",599035
31005,"Arthur, NE",23312
31007,"Banner, NE",50727
31009,"Blaine, NE",38198
31011,"Boone, NE",438395
31013,"Box Butte, NE",549888
31015,"Boyd, NE",114268
31017,"Brown, NE",228813
31019,"Buffalo, NE",2709429
31021,"Burt, NE",304317
31023,"Butler, NE",311060
31025,"Cass, NE",746995
31027,"Cedar, NE",412170
31029,"Chase, NE",335528
31031,"Cherry, NE",324358
31033,"Cheyenne, NE",489870
31035,"Clay, NE",330564
31037,"Colfax, NE",687673
31039,"Cuming, NE",871128
31041,"Custer, NE",751755
31043,"Dakota, NE",1403012
31045,"Dawes, NE",275516
31047,"Dawson, NE",1438074
31049,"Deuel, NE",76203
31051,"Dixon, NE",299942
31053,"Dodge, NE",1941614
31055,"Douglas, NE",43913519
31057,"Dundy, NE",198464
31059,"Fillmore, NE",355703
31061,"Franklin, NE",97611
31063,"Frontier, NE",101066
31065,"Furnas, NE",251293
31067,"Gage, NE",864946
31069,"Garden, NE",77823
31071,"Garfield, NE",92527
31073,"Gosper, NE",102522
31075,"Grant, NE",33445
31077,"Greeley, NE",116431
31079,"Hall, NE",3140429
31081,"Hamilton, NE",652162
31083,"Harlan, NE",201534
31085,"Hayes, NE",114101
31087,"Hitchcock, NE",139120
31089,"Holt, NE",671224
31091,"Hooker, NE",34929
31093,"Howard, NE",239558
31095,"Jefferson, NE",401619
31097,"Johnson, NE",164664
31099,"Kearney, NE",336869
31101,"Keith, NE",374827
31103,"Keya Paha, NE",49824
31105,"Kimball, NE",168279
31107,"Knox, NE",490641
31109,"Lancaster, NE",17281019
31111,"Lincoln, NE",2118492
31113,"Logan, NE",38940
31115,"Loup, NE",42775
31117,"McPherson, NE",33570
31119,"Madison, NE",2251105
31121,"Merrick, NE",348507
31123,"Morrill, NE",437272
31125,"Nance, NE",122353
31127,"Nemaha, NE",636064
31129,"Nuckolls, NE",229986
31131,"Otoe, NE",1165190
31133,"Pawnee, NE",112392
31135,"Perkins, NE",291140
31137,"Phelps, NE",832041
31139,"Pierce, NE",338350
31141,"Platte, NE",2417787
31143,"Polk, NE",262539
31145,"Red Willow, NE",502679
31147,"Richardson, NE",325225
31149,"Rock, NE",106337
31151,"Saline, NE",1011334
31153,"Sarpy, NE",7908723
31155,"Saunders, NE",720890
31157,"Scotts Bluff, NE",1545478
31159,"Seward, NE",680085
31161,"Sheridan, NE",326518
31163,"Sherman, NE",118055
31165,"Sioux, NE",87974
31167,"Stanton, NE",397532
31169,"Thayer, NE",350143
31171,"Thomas, NE",39377
31173,"Thurston, NE",418567
31175,"Valley, NE",281140
31177,"Washington, NE",1158651
31179,"Wayne, NE",466617
31181,"Webster, NE",245776
31183,"Wheeler, NE",105708
31185,"York, NE",752185
32001,"Churchill, NV",1091509
32003,"Clark, NV",100851947
32005,"Douglas, NV",2345207
32007,"Elko, NV",2571275
32009,"Esmeralda, NV",37912
32011,"Eureka, NV",1563280
32013,"Humboldt, NV",1308378
32015,"Lander, NV",887152
32017,"Lincoln, NV",152597
32019,"Lyon, NV",1550248
32021,"Mineral, NV",209392
32023,"Nye, NV",1733152
32027,"Pershing, NV",366824
32029,"Storey, NV",2103083
32031,"Washoe, NV",24339565
32033,"White Pine, NV",771853
32510,"Carson City (Independent City), NV",3294557
33001,"Belknap, NH",2494277
33003,"Carroll, NH",1957889
33005,"Cheshire, NH",3422121
33007,"Coos, NH",1119293
33009,"Grafton, NH",6048342
33011,"Hillsborough, NH",25171675
33013,"Merrimack, NH",8755611
33015,"Rockingham, NH",19795363
33017,"Strafford, NH",5331563
33019,"Sullivan, NH",1469943
34001,"Atlantic, NJ",11074523
34003,"Bergen, NJ",67864279
34005,"Burlington, NJ",25636520
34007,"Camden, NJ",21771587
34009,"Cape May, NJ",4681281
34011,"Cumberland, NJ",5691671
34013,"Essex, NJ",45044476
34015,"Gloucester, NJ",14333814
34017,"Hudson, NJ",41215221
34019,"Hunterdon, NJ",6705487
34021,"Mercer, NJ",32863884
34023,"Middlesex, NJ",54942220
34025,"Monmouth, NJ",31956491
34027,"Morris, NJ",48668672
34029,"Ocean, NJ",19049972
34031,"Passaic, NJ",19460138
34033,"Salem, NJ",5107834
34035,"Somerset, NJ",37411453
34037,"Sussex, NJ",4388918
34039,"Union, NJ",34451422
34041,"Warren, NJ",3577374
35001,"Bernalillo, NM",33309315
35003,"Catron, NM",84375
35005,"Chaves, NM",1928680
35006,"Cibola, NM",581083
35007,"Colfax, NM",415371
35009,"Curry, NM",2808826
35011,"De Baca, NM",84576
35013,"Do√±a Ana, NM",6542935
35015,"Eddy, NM",8894856
35017,"Grant, NM",945057
35019,"Guadalupe, NM",129285
35021,"Harding, NM",97377
35023,"Hidalgo, NM",191113
35025,"Lea, NM",7645460
35027,"Lincoln, NM",573615
35028,"Los Alamos, NM",2197163
35029,"Luna, NM",772914
35031,"McKinley, NM",2421932
35033,"Mora, NM",100567
35035,"Otero, NM",2439276
35037,"Quay, NM",267058
35039,"Rio Arriba, NM",1268970
35041,"Roosevelt, NM",652064
35043,"Sandoval, NM",3611004
35045,"San Juan, NM",5448032
35047,"San Miguel, NM",590737
35049,"Santa Fe, NM",5688611
35051,"Sierra, NM",279366
35053,"Socorro, NM",446118
35055,"Taos, NM",853375
35057,"Torrance, NM",386726
35059,"Union, NM",226342
35061,"Valencia, NM",1428336
36001,"Albany, NY",28190849
36003,"Allegany, NY",1301582
36005,"Bronx, NY",36937647
36007,"Broome, NY",7953015
36009,"Cattaraugus, NY",2473111
36011,"Cayuga, NY",2580734
36013,"Chautauqua, NY",4173802
36015,"Chemung, NY",3320864
36017,"Chenango, NY",2034011
36019,"Clinton, NY",3157655
36021,"Columbia, NY",2018826
36023,"Cortland, NY",1617350
36025,"Delaware, NY",1843205
36027,"Dutchess, NY",12768270
36029,"Erie, NY",50005858
36031,"Essex, NY",1390006
36033,"Franklin, NY",1675913
36035,"Fulton, NY",1667472
36037,"Genesee, NY",2221676
36039,"Greene, NY",1923862
36041,"Hamilton, NY",188821
36043,"Herkimer, NY",1641186
36045,"Jefferson, NY",5582717
36047,"Kings, NY",86150658
36049,"Lewis, NY",965504
36051,"Livingston, NY",1933895
36053,"Madison, NY",2071689
36055,"Monroe, NY",41575906
36057,"Montgomery, NY",1671872
36059,"Nassau, NY",83039972
36061,"New York, NY",610386229
36063,"Niagara, NY",8622002
36065,"Oneida, NY",9816536
36067,"Onondaga, NY",27455876
36069,"Ontario, NY",5612777
36071,"Orange, NY",17242096
36073,"Orleans, NY",1262065
36075,"Oswego, NY",6224929
36077,"Otsego, NY",2315687
36079,"Putnam, NY",3352365
36081,"Queens, NY",82327855
36083,"Rensselaer, NY",7753840
36085,"Richmond, NY",14270355
36087,"Rockland, NY",14496244
36089,"St. Lawrence, NY",4293868
36091,"Saratoga, NY",10464611
36093,"Schenectady, NY",8020812
36095,"Schoharie, NY",926311
36097,"Schuyler, NY",446945
36099,"Seneca, NY",1345344
36101,"Steuben, NY",3867146
36103,"Suffolk, NY",84832707
36105,"Sullivan, NY",2675826
36107,"Tioga, NY",1772731
36109,"Tompkins, NY",5343175
36111,"Ulster, NY",6385779
36113,"Warren, NY",4022656
36115,"Washington, NY",1744257
36117,"Wayne, NY",3568970
36119,"Westchester, NY",71939326
36121,"Wyoming, NY",1668771
36123,"Yates, NY",893533
37001,"Alamance, NC",5553022
37003,"Alexander, NC",739515
37005,"Alleghany, NC",277924
37007,"Anson, NC",712650
37009,"Ashe, NC",710994
37011,"Avery, NC",554003
37013,"Beaufort, NC",1749596
37015,"Bertie, NC",600344
37017,"Bladen, NC",1298020
37019,"Brunswick, NC",4200007
37021,"Buncombe, NC",12841285
37023,"Burke, NC",2272384
37025,"Cabarrus, NC",6891452
37027,"Caldwell, NC",2148490
37029,"Camden, NC",150961
37031,"Carteret, NC",2207819
37033,"Caswell, NC",320763
37035,"Catawba, NC",7814440
37037,"Chatham, NC",1471489
37039,"Cherokee, NC",754277
37041,"Chowan, NC",546595
37043,"Clay, NC",231176
37045,"Cleveland, NC",3776594
37047,"Columbus, NC",1352481
37049,"Craven, NC",4392257
37051,"Cumberland, NC",15599222
37053,"Currituck, NC",656211
37055,"Dare, NC",1976167
37057,"Davidson, NC",4163009
37059,"Davie, NC",1273892
37061,"Duplin, NC",1868773
37063,"Durham, NC",33605902
37065,"Edgecombe, NC",1432891
37067,"Forsyth, NC",21051877
37069,"Franklin, NC",1541637
37071,"Gaston, NC",6463902
37073,"Gates, NC",188117
37075,"Graham, NC",208546
37077,"Granville, NC",2972686
37079,"Greene, NC",439090
37081,"Guilford, NC",29444965
37083,"Halifax, NC",1258487
37085,"Harnett, NC",2302009
37087,"Haywood, NC",1698857
37089,"Henderson, NC",3519817
37091,"Hertford, NC",771618
37093,"Hoke, NC",1061625
37095,"Hyde, NC",140693
37097,"Iredell, NC",8500010
37099,"Jackson, NC",1404411
37101,"Johnston, NC",6448345
37103,"Jones, NC",171331
37105,"Lee, NC",2379246
37107,"Lenoir, NC",2568977
37109,"Lincoln, NC",2616143
37111,"McDowell, NC",1407608
37113,"Macon, NC",1371901
37115,"Madison, NC",372973
37117,"Martin, NC",571367
37119,"Mecklenburg, NC",100413497
37121,"Mitchell, NC",502025
37123,"Montgomery, NC",920016
37125,"Moore, NC",3165643
37127,"Nash, NC",4166769
37129,"New Hanover, NC",12043682
37131,"Northampton, NC",495264
37133,"Onslow, NC",6906038
37135,"Orange, NC",7797971
37137,"Pamlico, NC",263514
37139,"Pasquotank, NC",1352958
37141,"Pender, NC",1420116
37143,"Perquimans, NC",265298
37145,"Person, NC",1413551
37147,"Pitt, NC",8122522
37149,"Polk, NC",432302
37151,"Randolph, NC",3673647
37153,"Richmond, NC",1690358
37155,"Robeson, NC",3532780
37157,"Rockingham, NC",2650492
37159,"Rowan, NC",4760637
37161,"Rutherford, NC",1627406
37163,"Sampson, NC",1735420
37165,"Scotland, NC",1005448
37167,"Stanly, NC",1577003
37169,"Stokes, NC",927928
37171,"Surry, NC",2134260
37173,"Swain, NC",618762
37175,"Transylvania, NC",1649396
37177,"Tyrrell, NC",110153
37179,"Union, NC",7126856
37181,"Vance, NC",1090141
37183,"Wake, NC",75462571
37185,"Warren, NC",266467
37187,"Washington, NC",229598
37189,"Watauga, NC",1876058
37191,"Wayne, NC",4395751
37193,"Wilkes, NC",2091717
37195,"Wilson, NC",3454090
37197,"Yadkin, NC",806914
37199,"Yancey, NC",381683
38001,"Adams, ND",103690
38003,"Barnes, ND",568895
38005,"Benson, ND",241394
38007,"Billings, ND",243429
38009,"Bottineau, ND",425585
38011,"Bowman, ND",274018
38013,"Burke, ND",256602
38015,"Burleigh, ND",4868918
38017,"Cass, ND",11614176
38019,"Cavalier, ND",404270
38021,"Dickey, ND",325238
38023,"Divide, ND",259468
38025,"Dunn, ND",2152350
38027,"Eddy, ND",135255
38029,"Emmons, ND",204843
38031,"Foster, ND",244224
38033,"Golden Valley, ND",71617
38035,"Grand Forks, ND",3610506
38037,"Grant, ND",113990
38039,"Griggs, ND",160035
38041,"Hettinger, ND",101651
38043,"Kidder, ND",144443
38045,"LaMoure, ND",250877
38047,"Logan, ND",123300
38049,"McHenry, ND",250959
38051,"McIntosh, ND",156457
38053,"McKenzie, ND",5072741
38055,"McLean, ND",778328
38057,"Mercer, ND",947513
38059,"Morton, ND",1418179
38061,"Mountrail, ND",2455864
38063,"Nelson, ND",156400
38065,"Oliver, ND",268456
38067,"Pembina, ND",458157
38069,"Pierce, ND",205717
38071,"Ramsey, ND",572447
38073,"Ransom, ND",238161
38075,"Renville, ND",182848
38077,"Richland, ND",716092
38079,"Rolette, ND",368282
38081,"Sargent, ND",718886
38083,"Sheridan, ND",33442
38085,"Sioux, ND",133284
38087,"Slope, ND",40956
38089,"Stark, ND",2239401
38091,"Steele, ND",164706
38093,"Stutsman, ND",1174349
38095,"Towner, ND",191236
38097,"Traill, ND",442424
38099,"Walsh, ND",578551
38101,"Ward, ND",3374883
38103,"Wells, ND",283897
38105,"Williams, ND",4608347
39001,"Adams, OH",681445
39003,"Allen, OH",7480381
39005,"Ashland, OH",1580229
39007,"Ashtabula, OH",2710267
39009,"Athens, OH",1806093
39011,"Auglaize, OH",1990718
39013,"Belmont, OH",3679640
39015,"Brown, OH",758531
39017,"Butler, OH",19350965
39019,"Carroll, OH",1705810
39021,"Champaign, OH",1095484
39023,"Clark, OH",3959801
39025,"Clermont, OH",7788643
39027,"Clinton, OH",2048613
39029,"Columbiana, OH",2758245
39031,"Coshocton, OH",1205966
39033,"Crawford, OH",1216192
39035,"Cuyahoga, OH",84383428
39037,"Darke, OH",1940795
39039,"Defiance, OH",1536951
39041,"Delaware, OH",11274459
39043,"Erie, OH",3769927
39045,"Fairfield, OH",4073207
39047,"Fayette, OH",1986546
39049,"Franklin, OH",86194577
39051,"Fulton, OH",1868269
39053,"Gallia, OH",1868859
39055,"Geauga, OH",3780735
39057,"Greene, OH",9121742
39059,"Guernsey, OH",2145218
39061,"Hamilton, OH",66910714
39063,"Hancock, OH",4780606
39065,"Hardin, OH",835346
39067,"Harrison, OH",1611542
39069,"Henry, OH",1355144
39071,"Highland, OH",1180298
39073,"Hocking, OH",555031
39075,"Holmes, OH",2239477
39077,"Huron, OH",2035399
39079,"Jackson, OH",898709
39081,"Jefferson, OH",3572287
39083,"Knox, OH",1855894
39085,"Lake, OH",10053819
39087,"Lawrence, OH",1631209
39089,"Licking, OH",6257202
39091,"Logan, OH",1815461
39093,"Lorain, OH",9335436
39095,"Lucas, OH",22941301
39097,"Madison, OH",1776490
39099,"Mahoning, OH",8155579
39101,"Marion, OH",2489062
39103,"Medina, OH",6753073
39105,"Meigs, OH",350571
39107,"Mercer, OH",2137789
39109,"Miami, OH",3906238
39111,"Monroe, OH",1903236
39113,"Montgomery, OH",25742853
39115,"Morgan, OH",293072
39117,"Morrow, OH",626284
39119,"Muskingum, OH",3443837
39121,"Noble, OH",639985
39123,"Ottawa, OH",1852975
39125,"Paulding, OH",587033
39127,"Perry, OH",681933
39129,"Pickaway, OH",1678770
39131,"Pike, OH",978095
39133,"Portage, OH",5506420
39135,"Preble, OH",1084205
39137,"Putnam, OH",1167050
39139,"Richland, OH",4123753
39141,"Ross, OH",2523898
39143,"Sandusky, OH",2625496
39145,"Scioto, OH",2764067
39147,"Seneca, OH",1778907
39149,"Shelby, OH",2935017
39151,"Stark, OH",14740183
39153,"Summit, OH",26380899
39155,"Trumbull, OH",6362685
39157,"Tuscarawas, OH",3402812
39159,"Union, OH",4032266
39161,"Van Wert, OH",1153876
39163,"Vinton, OH",245083
39165,"Warren, OH",11261878
39167,"Washington, OH",3203014
39169,"Wayne, OH",5736871
39171,"Williams, OH",1592910
39173,"Wood, OH",6750394
39175,"Wyandot, OH",935799
40001,"Adair, OK",402076
40003,"Alfalfa, OK",266880
40005,"Atoka, OK",276031
40007,"Beaver, OK",397573
40009,"Beckham, OK",941075
40011,"Blaine, OK",391939
40013,"Bryan, OK",1564446
40015,"Caddo, OK",759137
40017,"Canadian, OK",3694961
40019,"Carter, OK",2766599
40021,"Cherokee, OK",1172115
40023,"Choctaw, OK",307780
40025,"Cimarron, OK",246093
40027,"Cleveland, OK",7355457
40029,"Coal, OK",133106
40031,"Comanche, OK",4406809
40033,"Cotton, OK",145749
40035,"Craig, OK",404801
40037,"Creek, OK",1818746
40039,"Custer, OK",1469946
40041,"Delaware, OK",820135
40043,"Dewey, OK",284306
40045,"Ellis, OK",246303
40047,"Garfield, OK",2995193
40049,"Garvin, OK",1362901
40051,"Grady, OK",1443458
40053,"Grant, OK",469803
40055,"Greer, OK",104201
40057,"Harmon, OK",93478
40059,"Harper, OK",248252
40061,"Haskell, OK",305195
40063,"Hughes, OK",578905
40065,"Jackson, OK",977675
40067,"Jefferson, OK",121582
40069,"Johnston, OK",332179
40071,"Kay, OK",1606477
40073,"Kingfisher, OK",1159408
40075,"Kiowa, OK",267052
40077,"Latimer, OK",321688
40079,"Le Flore, OK",1234131
40081,"Lincoln, OK",713501
40083,"Logan, OK",668209
40085,"Love, OK",415488
40087,"McClain, OK",1031977
40089,"McCurtain, OK",928094
40091,"McIntosh, OK",325690
40093,"Major, OK",373080
40095,"Marshall, OK",430269
40097,"Mayes, OK",1707282
40099,"Murray, OK",469564
40101,"Muskogee, OK",2534482
40103,"Noble, OK",539282
40105,"Nowata, OK",191244
40107,"Okfuskee, OK",190090
40109,"Oklahoma, OK",62368364
40111,"Okmulgee, OK",759754
40113,"Osage, OK",937508
40115,"Ottawa, OK",899940
40117,"Pawnee, OK",351578
40119,"Payne, OK",2957025
40121,"Pittsburg, OK",1532975
40123,"Pontotoc, OK",1767778
40125,"Pottawatomie, OK",1913275
40127,"Pushmataha, OK",202974
40129,"Roger Mills, OK",131860
40131,"Rogers, OK",2760656
40133,"Seminole, OK",675733
40135,"Sequoyah, OK",687182
40137,"Stephens, OK",1421533
40139,"Texas, OK",1924425
40141,"Tillman, OK",169453
40143,"Tulsa, OK",44021322
40145,"Wagoner, OK",1227918
40147,"Washington, OK",7628193
40149,"Washita, OK",223566
40151,"Woods, OK",887844
40153,"Woodward, OK",1041925
41001,"Baker, OR",566584
41003,"Benton, OR",4142751
41005,"Clackamas, OR",19207370
41007,"Clatsop, OR",1578795
41009,"Columbia, OR",1189843
41011,"Coos, OR",2086925
41013,"Crook, OR",803303
41015,"Curry, OR",596901
41017,"Deschutes, OR",9133234
41019,"Douglas, OR",3265863
41021,"Gilliam, OR",277859
41023,"Grant, OR",238731
41025,"Harney, OR",273806
41027,"Hood River, OR",1103382
41029,"Jackson, OR",8072936
41031,"Jefferson, OR",683962
41033,"Josephine, OR",2563401
41035,"Klamath, OR",2131403
41037,"Lake, OR",312703
41039,"Lane, OR",13941445
41041,"Lincoln, OR",1543045
41043,"Linn, OR",4415386
41045,"Malheur, OR",1256863
41047,"Marion, OR",14433882
41049,"Morrow, OR",1453451
41051,"Multnomah, OR",57848205
41053,"Polk, OR",1842234
41055,"Sherman, OR",523560
41057,"Tillamook, OR",1082894
41059,"Umatilla, OR",3039111
41061,"Union, OR",888849
41063,"Wallowa, OR",300927
41065,"Wasco, OR",1659771
41067,"Washington, OR",47047566
41069,"Wheeler, OR",29155
41071,"Yamhill, OR",3456260
42001,"Adams, PA",3371677
42003,"Allegheny, PA",88357285
42005,"Armstrong, PA",1986395
42007,"Beaver, PA",6327316
42009,"Bedford, PA",1346262
42011,"Berks, PA",17992564
42013,"Blair, PA",5309986
42015,"Bradford, PA",4083492
42017,"Bucks, PA",30353645
42019,"Butler, PA",10266457
42021,"Cambria, PA",4281428
42023,"Cameron, PA",222112
42025,"Carbon, PA",2358541
42027,"Centre, PA",7697375
42029,"Chester, PA",40528345
42031,"Clarion, PA",1101756
42033,"Clearfield, PA",2538760
42035,"Clinton, PA",1504694
42037,"Columbia, PA",2206357
42039,"Crawford, PA",2748233
42041,"Cumberland, PA",14341823
42043,"Dauphin, PA",19732682
42045,"Delaware, PA",30084204
42047,"Elk, PA",1358600
42049,"Erie, PA",10149365
42051,"Fayette, PA",4112114
42053,"Forest, PA",226818
42055,"Franklin, PA",5439106
42057,"Fulton, PA",570774
42059,"Greene, PA",3468378
42061,"Huntingdon, PA",1177114
42063,"Indiana, PA",3403170
42065,"Jefferson, PA",1416151
42067,"Juniata, PA",727860
42069,"Lackawanna, PA",8666995
42071,"Lancaster, PA",25958178
42073,"Lawrence, PA",2858635
42075,"Lebanon, PA",5551749
42077,"Lehigh, PA",21044010
42079,"Luzerne, PA",13472548
42081,"Lycoming, PA",5666885
42083,"McKean, PA",2339941
42085,"Mercer, PA",3889575
42087,"Mifflin, PA",1685055
42089,"Monroe, PA",6513320
42091,"Montgomery, PA",70760003
42093,"Montour, PA",1786075
42095,"Northampton, PA",13907705
42097,"Northumberland, PA",2760257
42099,"Perry, PA",856862
42101,"Philadelphia, PA",96798534
42103,"Pike, PA",1235450
42105,"Potter, PA",907942
42107,"Schuylkill, PA",4481675
42109,"Snyder, PA",1430751
42111,"Somerset, PA",2333065
42113,"Sullivan, PA",414517
42115,"Susquehanna, PA",3443728
42117,"Tioga, PA",1776731
42119,"Union, PA",1717297
42121,"Venango, PA",1800776
42123,"Warren, PA",1749534
42125,"Washington, PA",12061212
42127,"Wayne, PA",1619233
42129,"Westmoreland, PA",13153585
42131,"Wyoming, PA",1850019
42133,"York, PA",18431611
44001,"Bristol, RI",1630777
44003,"Kent, RI",8093710
44005,"Newport, RI",5512165
44007,"Providence, RI",30286292
44009,"Washington, RI",5891347
45001,"Abbeville, SC",561959
45003,"Aiken, SC",6171065
45005,"Allendale, SC",241494
45007,"Anderson, SC",6438961
45009,"Bamberg, SC",307948
45011,"Barnwell, SC",428339
45013,"Beaufort, SC",7165794
45015,"Berkeley, SC",7636688
45017,"Calhoun, SC",550583
45019,"Charleston, SC",27712434
45021,"Cherokee, SC",1581424
45023,"Chester, SC",1038313
45025,"Chesterfield, SC",1372890
45027,"Clarendon, SC",551367
45029,"Colleton, SC",840543
45031,"Darlington, SC",2439294
45033,"Dillon, SC",690522
45035,"Dorchester, SC",3499327
45037,"Edgefield, SC",544576
45039,"Fairfield, SC",927519
45041,"Florence, SC",6267693
45043,"Georgetown, SC",2255834
45045,"Greenville, SC",28647312
45047,"Greenwood, SC",2649505
45049,"Hampton, SC",423261
45051,"Horry, SC",11725261
45053,"Jasper, SC",1089550
45055,"Kershaw, SC",1707215
45057,"Lancaster, SC",3704550
45059,"Laurens, SC",1943066
45061,"Lee, SC",312305
45063,"Lexington, SC",11819550
45065,"McCormick, SC",199255
45067,"Marion, SC",538719
45069,"Marlboro, SC",652472
45071,"Newberry, SC",1297680
45073,"Oconee, SC",3405936
45075,"Orangeburg, SC",2469815
45077,"Pickens, SC",3558134
45079,"Richland, SC",22407290
45081,"Saluda, SC",427234
45083,"Spartanburg, SC",14020209
45085,"Sumter, SC",3737952
45087,"Union, SC",676653
45089,"Williamsburg, SC",668639
45091,"York, SC",11234835
46003,"Aurora, SD",100323
46005,"Beadle, SD",851237
46007,"Bennett, SD",100320
46009,"Bon Homme, SD",190726
46011,"Brookings, SD",1927618
46013,"Brown, SD",2171345
46015,"Brule, SD",232234
46017,"Buffalo, SD",81624
46019,"Butte, SD",283202
46021,"Campbell, SD",115005
46023,"Charles Mix, SD",424537
46025,"Clark, SD",295806
46027,"Clay, SD",501266
46029,"Codington, SD",1365084
46031,"Corson, SD",87679
46033,"Custer, SD",205201
46035,"Davison, SD",1028685
46037,"Day, SD",322575
46039,"Deuel, SD",285453
46041,"Dewey, SD",225670
46043,"Douglas, SD",179295
46045,"Edmunds, SD",239987
46047,"Fall River, SD",216815
46049,"Faulk, SD",158847
46051,"Grant, SD",478004
46053,"Gregory, SD",153674
46055,"Haakon, SD",113371
46057,"Hamlin, SD",274509
46059,"Hand, SD",189800
46061,"Hanson, SD",139367
46063,"Harding, SD",70692
46065,"Hughes, SD",1045123
46067,"Hutchinson, SD",326705
46069,"Hyde, SD",101003
46071,"Jackson, SD",63744
46073,"Jerauld, SD",139080
46075,"Jones, SD",49413
46077,"Kingsbury, SD",299631
46079,"Lake, SD",543461
46081,"Lawrence, SD",973874
46083,"Lincoln, SD",2846430
46085,"Lyman, SD",156025
46087,"McCook, SD",230033
46089,"McPherson, SD",144115
46091,"Marshall, SD",324914
46093,"Meade, SD",781832
46095,"Mellette, SD",32464
46097,"Miner, SD",105045
46099,"Minnehaha, SD",14713252
46101,"Moody, SD",348434
46102,"Oglala Lakota, SD*",318075
46103,"Pennington, SD",5002648
46105,"Perkins, SD",132517
46107,"Potter, SD",160595
46109,"Roberts, SD",385812
46111,"Sanborn, SD",131684
46115,"Spink, SD",452107
46117,"Stanley, SD",107577
46119,"Sully, SD",141994
46121,"Todd, SD",204585
46123,"Tripp, SD",237247
46125,"Turner, SD",368610
46127,"Union, SD",1394167
46129,"Walworth, SD",234277
46135,"Yankton, SD",1161283
46137,"Ziebach, SD",51503
47001,"Anderson, TN",4472474
47003,"Bedford, TN",1768188
47005,"Benton, TN",310284
47007,"Bledsoe, TN",190207
47009,"Blount, TN",5142681
47011,"Bradley, TN",3951977
47013,"Campbell, TN",872440
47015,"Cannon, TN",228621
47017,"Carroll, TN",530204
47019,"Carter, TN",904388
47021,"Cheatham, TN",1024076
47023,"Chester, TN",297064
47025,"Claiborne, TN",685543
47027,"Clay, TN",152341
47029,"Cocke, TN",674678
47031,"Coffee, TN",2656379
47033,"Crockett, TN",501513
47035,"Cumberland, TN",1491321
47037,"Davidson, TN",60309852
47039,"Decatur, TN",267454
47041,"DeKalb, TN",583811
47043,"Dickson, TN",1754677
47045,"Dyer, TN",1505790
47047,"Fayette, TN",951977
47049,"Fentress, TN",418558
47051,"Franklin, TN",1035573
47053,"Gibson, TN",1272853
47055,"Giles, TN",988291
47057,"Grainger, TN",377608
47059,"Greene, TN",2066215
47061,"Grundy, TN",211012
47063,"Hamblen, TN",2662621
47065,"Hamilton, TN",22581396
47067,"Hancock, TN",72852
47069,"Hardeman, TN",506489
47071,"Hardin, TN",840834
47073,"Hawkins, TN",1356046
47075,"Haywood, TN",565029
47077,"Henderson, TN",602941
47079,"Henry, TN",1062972
47081,"Hickman, TN",409446
47083,"Houston, TN",126747
47085,"Humphreys, TN",614438
47087,"Jackson, TN",194956
47089,"Jefferson, TN",1463687
47091,"Johnson, TN",359269
47093,"Knox, TN",24085375
47095,"Lake, TN",118708
47097,"Lauderdale, TN",628612
47099,"Lawrence, TN",938694
47101,"Lewis, TN",247363
47103,"Lincoln, TN",897575
47105,"Loudon, TN",1883046
47107,"McMinn, TN",1901178
47109,"McNairy, TN",497718
47111,"Macon, TN",477249
47113,"Madison, TN",5381593
47115,"Marion, TN",701355
47117,"Marshall, TN",1138677
47119,"Maury, TN",3725221
47121,"Meigs, TN",226348
47123,"Monroe, TN",1227178
47125,"Montgomery, TN",4979353
47127,"Moore, TN",452741
47129,"Morgan, TN",271348
47131,"Obion, TN",1081824
47133,"Overton, TN",491508
47135,"Perry, TN",158587
47137,"Pickett, TN",122825
47139,"Polk, TN",255729
47141,"Putnam, TN",3058788
47143,"Rhea, TN",1451092
47145,"Roane, TN",2307569
47147,"Robertson, TN",2242846
47149,"Rutherford, TN",15177427
47151,"Scott, TN",499813
47153,"Sequatchie, TN",258140
47155,"Sevier, TN",3566399
47157,"Shelby, TN",55126272
47159,"Smith, TN",645015
47161,"Stewart, TN",650214
47163,"Sullivan, TN",6559245
47165,"Sumner, TN",5923814
47167,"Tipton, TN",1068175
47169,"Trousdale, TN",165347
47171,"Unicoi, TN",448514
47173,"Union, TN",278773
47175,"Van Buren, TN",82597
47177,"Warren, TN",1307192
47179,"Washington, TN",5382599
47181,"Wayne, TN",297224
47183,"Weakley, TN",1126179
47185,"White, TN",619579
47187,"Williamson, TN",20312776
47189,"Wilson, TN",4860387
48001,"Anderson, TX",1862626
48003,"Andrews, TX",4123206
48005,"Angelina, TX",2953591
48007,"Aransas, TX",623869
48009,"Archer, TX",341083
48011,"Armstrong, TX",67564
48013,"Atascosa, TX",3705898
48015,"Austin, TX",1366143
48017,"Bailey, TX",427114
48019,"Bandera, TX",382988
48021,"Bastrop, TX",2245470
48023,"Baylor, TX",180357
48025,"Bee, TX",752157
48027,"Bell, TX",15353319
48029,"Bexar, TX",94233083
48031,"Blanco, TX",399738
48033,"Borden, TX",722142
48035,"Bosque, TX",563788
48037,"Bowie, TX",3206085
48039,"Brazoria, TX",15032084
48041,"Brazos, TX",9620229
48043,"Brewster, TX",369787
48045,"Briscoe, TX",95319
48047,"Brooks, TX",330654
48049,"Brown, TX",1293877
48051,"Burleson, TX",1495260
48053,"Burnet, TX",1530796
48055,"Caldwell, TX",924603
48057,"Calhoun, TX",3308408
48059,"Callahan, TX",294010
48061,"Cameron, TX",10077503
48063,"Camp, TX",333732
48065,"Carson, TX",955220
48067,"Cass, TX",810664
48069,"Castro, TX",735191
48071,"Chambers, TX",2431029
48073,"Cherokee, TX",1389321
48075,"Childress, TX",223431
48077,"Clay, TX",258930
48079,"Cochran, TX",393509
48081,"Coke, TX",125001
48083,"Coleman, TX",219545
48085,"Collin, TX",65098585
48087,"Collingsworth, TX",74745
48089,"Colorado, TX",810839
48091,"Comal, TX",6032698
48093,"Comanche, TX",459602
48095,"Concho, TX",137765
48097,"Cooke, TX",2162701
48099,"Coryell, TX",1465314
48101,"Cottle, TX",79331
48103,"Crane, TX",1026365
48105,"Crockett, TX",1242701
48107,"Crosby, TX",308163
48109,"Culberson, TX",2210531
48111,"Dallam, TX",725495
48113,"Dallas, TX",239705547
48115,"Dawson, TX",835144
48117,"Deaf Smith, TX",1470419
48119,"Delta, TX",103743
48121,"Denton, TX",34594470
48123,"DeWitt, TX",5046274
48125,"Dickens, TX",126730
48127,"Dimmit, TX",4221673
48129,"Donley, TX",140226
48131,"Duval, TX",364462
48133,"Eastland, TX",763674
48135,"Ector, TX",11190764
48137,"Edwards, TX",95546
48139,"Ellis, TX",6059144
48141,"El Paso, TX",29540504
48143,"Erath, TX",1503316
48145,"Falls, TX",397223
48147,"Fannin, TX",868567
48149,"Fayette, TX",1620725
48151,"Fisher, TX",280304
48153,"Floyd, TX",290510
48155,"Foard, TX",109354
48157,"Fort Bend, TX",27854681
48159,"Franklin, TX",430682
48161,"Freestone, TX",1284749
48163,"Frio, TX",1232086
48165,"Gaines, TX",2976855
48167,"Galveston, TX",16310246
48169,"Garza, TX",313169
48171,"Gillespie, TX",995125
48173,"Glasscock, TX",4879207
48175,"Goliad, TX",291294
48177,"Gonzales, TX",4155550
48179,"Gray, TX",979058
48181,"Grayson, TX",4778611
48183,"Gregg, TX",6672943
48185,"Grimes, TX",1008055
48187,"Guadalupe, TX",7475402
48189,"Hale, TX",1301424
48191,"Hall, TX",79476
48193,"Hamilton, TX",260759
48195,"Hansford, TX",576765
48197,"Hardeman, TX",239058
48199,"Hardin, TX",1265880
48201,"Harris, TX",359650873
48203,"Harrison, TX",4293290
48205,"Hartley, TX",820817
48207,"Haskell, TX",371494
48209,"Hays, TX",7259008
48211,"Hemphill, TX",780007
48213,"Henderson, TX",1795455
48215,"Hidalgo, TX",19817948
48217,"Hill, TX",950932
48219,"Hockley, TX",2013359
48221,"Hood, TX",2147967
48223,"Hopkins, TX",1522055
48225,"Houston, TX",1006784
48227,"Howard, TX",7463096
48229,"Hudspeth, TX",183240
48231,"Hunt, TX",3791069
48233,"Hutchinson, TX",7465837
48235,"Irion, TX",1724602
48237,"Jack, TX",548253
48239,"Jackson, TX",674231
48241,"Jasper, TX",921514
48243,"Jeff Davis, TX",82230
48245,"Jefferson, TX",20688536
48247,"Jim Hogg, TX",205106
48249,"Jim Wells, TX",1235250
48251,"Johnson, TX",6443442
48253,"Jones, TX",427890
48255,"Karnes, TX",9430808
48257,"Kaufman, TX",3578188
48259,"Kendall, TX",1900620
48261,"Kenedy, TX",270987
48263,"Kent, TX",285089
48265,"Kerr, TX",1921027
48267,"Kimble, TX",143089
48269,"King, TX",138739
48271,"Kinney, TX",107087
48273,"Kleberg, TX",1066629
48275,"Knox, TX",164207
48277,"Lamar, TX",2441823
48279,"Lamb, TX",724220
48281,"Lampasas, TX",475020
48283,"La Salle, TX",6816675
48285,"Lavaca, TX",1486598
48287,"Lee, TX",906215
48289,"Leon, TX",895407
48291,"Liberty, TX",2057299
48293,"Limestone, TX",1375280
48295,"Lipscomb, TX",761579
48297,"Live Oak, TX",2012592
48299,"Llano, TX",711981
48301,"Loving, TX",8852569
48303,"Lubbock, TX",12345877
48305,"Lynn, TX",328073
48307,"McCulloch, TX",301902
48309,"McLennan, TX",11394096
48311,"McMullen, TX",2496801
48313,"Madison, TX",795861
48315,"Marion, TX",263934
48317,"Martin, TX",11631421
48319,"Mason, TX",123837
48321,"Matagorda, TX",2158531
48323,"Maverick, TX",1537391
48325,"Medina, TX",1002025
48327,"Menard, TX",53745
48329,"Midland, TX",27249485
48331,"Milam, TX",568603
48333,"Mills, TX",201806
48335,"Mitchell, TX",436932
48337,"Montague, TX",876047
48339,"Montgomery, TX",27612881
48341,"Moore, TX",3053944
48343,"Morris, TX",630144
48345,"Motley, TX",38411
48347,"Nacogdoches, TX",2536876
48349,"Navarro, TX",1481373
48351,"Newton, TX",483167
48353,"Nolan, TX",984130
48355,"Nueces, TX",18938817
48357,"Ochiltree, TX",1134754
48359,"Oldham, TX",378965
48361,"Orange, TX",3207959
48363,"Palo Pinto, TX",999323
48365,"Panola, TX",3088166
48367,"Parker, TX",4402190
48369,"Parmer, TX",1009325
48371,"Pecos, TX",3640749
48373,"Polk, TX",1271294
48375,"Potter, TX",7693494
48377,"Presidio, TX",248095
48379,"Rains, TX",208186
48381,"Randall, TX",3675465
48383,"Reagan, TX",5259035
48385,"Real, TX",67622
48387,"Red River, TX",314904
48389,"Reeves, TX",12880078
48391,"Refugio, TX",414289
48393,"Roberts, TX",822998
48395,"Robertson, TX",3153135
48397,"Rockwall, TX",3571496
48399,"Runnels, TX",309775
48401,"Rusk, TX",2747437
48403,"Sabine, TX",226682
48405,"San Augustine, TX",1177440
48407,"San Jacinto, TX",372988
48409,"San Patricio, TX",2616235
48411,"San Saba, TX",159144
48413,"Schleicher, TX",193064
48415,"Scurry, TX",2079736
48417,"Shackelford, TX",239726
48419,"Shelby, TX",1329658
48421,"Sherman, TX",513960
48423,"Smith, TX",10703018
48425,"Somervell, TX",1201072
48427,"Starr, TX",1443062
48429,"Stephens, TX",532372
48431,"Sterling, TX",321389
48433,"Stonewall, TX",182674
48435,"Sutton, TX",298399
48437,"Swisher, TX",464291
48439,"Tarrant, TX",106112067
48441,"Taylor, TX",6311829
48443,"Terrell, TX",141616
48445,"Terry, TX",686699
48447,"Throckmorton, TX",102212
48449,"Titus, TX",1729882
48451,"Tom Green, TX",5512365
48453,"Travis, TX",115792021
48455,"Trinity, TX",242243
48457,"Tyler, TX",438022
48459,"Upshur, TX",843333
48461,"Upton, TX",7523215
48463,"Uvalde, TX",865667
48465,"Val Verde, TX",1571222
48467,"Van Zandt, TX",1152647
48469,"Victoria, TX",3755181
48471,"Walker, TX",1992807
48473,"Waller, TX",2629926
48475,"Ward, TX",4435082
48477,"Washington, TX",1717100
48479,"Webb, TX",12152308
48481,"Wharton, TX",1914285
48483,"Wheeler, TX",821302
48485,"Wichita, TX",5257261
48487,"Wilbarger, TX",717987
48489,"Willacy, TX",519082
48491,"Williamson, TX",22642842
48493,"Wilson, TX",1113996
48495,"Winkler, TX",2180519
48497,"Wise, TX",3222100
48499,"Wood, TX",1707360
48501,"Yoakum, TX",2674793
48503,"Young, TX",830728
48505,"Zapata, TX",759737
48507,"Zavala, TX",909302
49001,"Beaver, UT",386880
49003,"Box Elder, UT",2363802
49005,"Cache, UT",5318251
49007,"Carbon, UT",1142554
49009,"Daggett, UT",120812
49011,"Davis, UT",14549508
49013,"Duchesne, UT",1101578
49015,"Emery, UT",892903
49017,"Garfield, UT",244793
49019,"Grand, UT",564401
49021,"Iron, UT",1723245
49023,"Juab, UT",478906
49025,"Kane, UT",327254
49027,"Millard, UT",826285
49029,"Morgan, UT",288741
49031,"Piute, UT",60477
49033,"Rich, UT",143047
49035,"Salt Lake, UT",86272939
49037,"San Juan, UT",453246
49039,"Sanpete, UT",847901
49041,"Sevier, UT",1193005
49043,"Summit, UT",2934507
49045,"Tooele, UT",1904150
49047,"Uintah, UT",1671998
49049,"Utah, UT",27406079
49051,"Wasatch, UT",907763
49053,"Washington, UT",6111685
49055,"Wayne, UT",107599
49057,"Weber, UT",10656466
50001,"Addison, VT",1512084
50003,"Bennington, VT",1450989
50005,"Caledonia, VT",995643
50007,"Chittenden, VT",10104070
50009,"Essex, VT",139044
50011,"Franklin, VT",1935667
50013,"Grand Isle, VT",177350
50015,"Lamoille, VT",953731
50017,"Orange, VT",718858
50019,"Orleans, VT",955054
50021,"Rutland, VT",2210718
50023,"Washington, VT",3299058
50025,"Windham, VT",1941737
50027,"Windsor, VT",2267880
51001,"Accomack, VA",1656169
51007,"Amelia, VA",256072
51009,"Amherst, VA",709618
51011,"Appomattox, VA",281105
51013,"Arlington, VA",32373194
51017,"Bath, VA",197150
51019,"Bedford, VA*",1749888
51021,"Bland, VA",202658
51023,"Botetourt, VA",1108120
51025,"Brunswick, VA",772591
51027,"Buchanan, VA",996527
51029,"Buckingham, VA",504888
51033,"Caroline, VA",700613
51036,"Charles City, VA",205215
51037,"Charlotte, VA",215249
51041,"Chesterfield, VA",14108497
51043,"Clarke, VA",410669
51045,"Craig, VA",87272
51047,"Culpeper, VA",1659574
51049,"Cumberland, VA",131280
51051,"Dickenson, VA",592527
51057,"Essex, VA",332796
51061,"Fauquier, VA",2481178
51063,"Floyd, VA",323558
51065,"Fluvanna, VA",762339
51067,"Franklin, VA",1368696
51071,"Giles, VA",468478
51073,"Gloucester, VA",797129
51075,"Goochland, VA",2366289
51077,"Grayson, VA",246780
51079,"Greene, VA",402655
51083,"Halifax, VA",1042197
51085,"Hanover, VA",5219160
51087,"Henrico, VA",25429567
51091,"Highland, VA",67698
51093,"Isle of Wight, VA",1268654
51097,"King and Queen, VA",132230
51099,"King George, VA",1863791
51101,"King William, VA",465660
51103,"Lancaster, VA",392674
51105,"Lee, VA",362390
51107,"Loudoun, VA",25471303
51109,"Louisa, VA",1985543
51111,"Lunenburg, VA",223151
51113,"Madison, VA",315583
51115,"Mathews, VA",190398
51117,"Mecklenburg, VA",891154
51119,"Middlesex, VA",325568
51125,"Nelson, VA",473468
51127,"New Kent, VA",529313
51131,"Northampton, VA",513723
51133,"Northumberland, VA",400948
51135,"Nottoway, VA",458838
51137,"Orange, VA",1030798
51139,"Page, VA",567827
51141,"Patrick, VA",365421
51145,"Powhatan, VA",709355
51147,"Prince Edward, VA",639857
51155,"Pulaski, VA",1157014
51157,"Rappahannock, VA",279438
51159,"Richmond, VA",265634
51167,"Russell, VA",586286
51169,"Scott, VA",356630
51171,"Shenandoah, VA",1608893
51173,"Smyth, VA",892718
51179,"Stafford, VA",5232767
51181,"Surry, VA",1043411
51183,"Sussex, VA",336774
51185,"Tazewell, VA",1068945
51187,"Warren, VA",1604534
51193,"Westmoreland, VA",452358
51197,"Wythe, VA",1174737
51510,"Alexandria (Independent City), VA",12717905
51550,"Chesapeake (Independent City), VA",9245880
51650,"Hampton (Independent City), VA",5961992
51700,"Newport News (Independent City), VA",11074397
51710,"Norfolk (Independent City), VA",16538166
51740,"Portsmouth (Independent City), VA",5397171
51760,"Richmond (Independent City), VA",20351928
51770,"Roanoke (Independent City), VA",6220609
51800,"Suffolk (Independent City), VA",3596378
51810,"Virginia Beach (Independent City), VA",19347452
51901,"Albemarle + Charlottesville, VA*",10310276
51903,"Alleghany + Covington, VA*",774533
51907,"Augusta, Staunton + Waynesboro, VA*",4609829
51911,"Campbell + Lynchburg, VA*",6289917
51913,"Carroll + Galax, VA*",837959
51918,"Dinwiddie, Colonial Heights + Petersburg, VA*",2517728
51919,"Fairfax, Fairfax City + Falls Church, VA*",111485438
51921,"Frederick + Winchester, VA*",6049511
51923,"Greensville + Emporia, VA*",1221340
51929,"Henry + Martinsville, VA*",1989417
51931,"James City + Williamsburg, VA*",4448308
51933,"Montgomery + Radford, VA*",4629063
51939,"Pittsylvania + Danville, VA*",3074152
51941,"Prince George + Hopewell, VA*",3570131
51942,"Prince William, Manassas + Manassas Park, VA*",19098906
51944,"Roanoke + Salem, VA*",5348757
51945,"Rockbridge, Buena Vista + Lexington, VA*",1110828
51947,"Rockingham + Harrisonburg, VA*",7277406
51949,"Southampton + Franklin, VA*",705192
51951,"Spotsylvania + Fredericksburg, VA*",5542813
51953,"Washington + Bristol, VA*",3060030
51955,"Wise + Norton, VA*",1319560
51958,"York + Poquoson, VA*",2353079
53001,"Adams, WA",979179
53003,"Asotin, WA",607737
53005,"Benton, WA",10720964
53007,"Chelan, WA",4106130
53009,"Clallam, WA",2242717
53011,"Clark, WA",19525979
53013,"Columbia, WA",324842
53015,"Cowlitz, WA",4467111
53017,"Douglas, WA",1677969
53019,"Ferry, WA",190734
53021,"Franklin, WA",3681256
53023,"Garfield, WA",151519
53025,"Grant, WA",5886898
53027,"Grays Harbor, WA",2112178
53029,"Island, WA",2955560
53031,"Jefferson, WA",963548
53033,"King, WA",297082414
53035,"Kitsap, WA",11337915
53037,"Kittitas, WA",1601391
53039,"Klickitat, WA",1442939
53041,"Lewis, WA",2923791
53043,"Lincoln, WA",473108
53045,"Mason, WA",1422016
53047,"Okanogan, WA",1449508
53049,"Pacific, WA",632682
53051,"Pend Oreille, WA",458217
53053,"Pierce, WA",39229897
53055,"San Juan, WA",674873
53057,"Skagit, WA",6734062
53059,"Skamania, WA",253310
53061,"Snohomish, WA",42223516
53063,"Spokane, WA",23271174
53065,"Stevens, WA",998980
53067,"Thurston, WA",12241719
53069,"Wahkiakum, WA",84479
53071,"Walla Walla, WA",3012455
53073,"Whatcom, WA",12901131
53075,"Whitman, WA",2287089
53077,"Yakima, WA",10008896
54001,"Barbour, WV",409861
54003,"Berkeley, WV",3531399
54005,"Boone, WV",599585
54007,"Braxton, WV",273947
54009,"Brooke, WV",988117
54011,"Cabell, WV",4343283
54013,"Calhoun, WV",106224
54015,"Clay, WV",117988
54017,"Doddridge, WV",1952356
54019,"Fayette, WV",926824
54021,"Gilmer, WV",176909
54023,"Grant, WV",416204
54025,"Greenbrier, WV",996765
54027,"Hampshire, WV",375423
54029,"Hancock, WV",1089022
54031,"Hardy, WV",509266
54033,"Harrison, WV",4146374
54035,"Jackson, WV",846353
54037,"Jefferson, WV",1503131
54039,"Kanawha, WV",9254896
54041,"Lewis, WV",548543
54043,"Lincoln, WV",235360
54045,"Logan, WV",1167130
54047,"McDowell, WV",530127
54049,"Marion, WV",2094660
54051,"Marshall, WV",2637314
54053,"Mason, WV",702117
54055,"Mercer, WV",1469976
54057,"Mineral, WV",705451
54059,"Mingo, WV",500667
54061,"Monongalia, WV",5932568
54063,"Monroe, WV",174239
54065,"Morgan, WV",283461
54067,"Nicholas, WV",554836
54069,"Ohio, WV",3297437
54071,"Pendleton, WV",127906
54073,"Pleasants, WV",405139
54075,"Pocahontas, WV",231483
54077,"Preston, WV",664942
54079,"Putnam, WV",2520702
54081,"Raleigh, WV",2723082
54083,"Randolph, WV",771061
54085,"Ritchie, WV",786260
54087,"Roane, WV",269427
54089,"Summers, WV",183476
54091,"Taylor, WV",553823
54093,"Tucker, WV",291391
54095,"Tyler, WV",779077
54097,"Upshur, WV",664516
54099,"Wayne, WV",918008
54101,"Webster, WV",139930
54103,"Wetzel, WV",1495328
54105,"Wirt, WV",58415
54107,"Wood, WV",2975660
54109,"Wyoming, WV",559985
55001,"Adams, WI",545866
55003,"Ashland, WI",627256
55005,"Barron, WI",1933072
55007,"Bayfield, WI",396347
55009,"Brown, WI",16148050
55011,"Buffalo, WI",482086
55013,"Burnett, WI",475245
55015,"Calumet, WI",1504719
55017,"Chippewa, WI",2672314
55019,"Clark, WI",1293271
55021,"Columbia, WI",2540063
55023,"Crawford, WI",654376
55025,"Dane, WI",39762409
55027,"Dodge, WI",3328032
55029,"Door, WI",1170157
55031,"Douglas, WI",1666269
55033,"Dunn, WI",1703772
55035,"Eau Claire, WI",5675015
55037,"Florence, WI",118284
55039,"Fond du Lac, WI",4589060
55041,"Forest, WI",258107
55043,"Grant, WI",2106613
55045,"Green, WI",1630984
55047,"Green Lake, WI",577433
55049,"Iowa, WI",1037643
55051,"Iron, WI",153000
55053,"Jackson, WI",754391
55055,"Jefferson, WI",3111175
55057,"Juneau, WI",836336
55059,"Kenosha, WI",6360934
55061,"Kewaunee, WI",756928
55063,"La Crosse, WI",6574368
55065,"Lafayette, WI",597346
55067,"Langlade, WI",679209
55069,"Lincoln, WI",1117980
55071,"Manitowoc, WI",3554159
55073,"Marathon, WI",7774222
55075,"Marinette, WI",1801756
55077,"Marquette, WI",384874
55078,"Menominee, WI",134353
55079,"Milwaukee, WI",50038904
55081,"Monroe, WI",2052068
55083,"Oconto, WI",947095
55085,"Oneida, WI",1505301
55087,"Outagamie, WI",11331407
55089,"Ozaukee, WI",4788860
55091,"Pepin, WI",270884
55093,"Pierce, WI",1095230
55095,"Polk, WI",1431579
55097,"Portage, WI",3699930
55099,"Price, WI",541486
55101,"Racine, WI",7079117
55103,"Richland, WI",667432
55105,"Rock, WI",6699177
55107,"Rusk, WI",497322
55109,"St. Croix, WI",3600070
55111,"Sauk, WI",3200415
55113,"Sawyer, WI",594006
55115,"Shawano, WI",1255543
55117,"Sheboygan, WI",6277392
55119,"Taylor, WI",823094
55121,"Trempealeau, WI",1182907
55123,"Vernon, WI",983965
55125,"Vilas, WI",810592
55127,"Walworth, WI",3908353
55129,"Washburn, WI",547777
55131,"Washington, WI",5955195
55133,"Waukesha, WI",27181717
55135,"Waupaca, WI",1847360
55137,"Waushara, WI",587824
55139,"Winnebago, WI",9302102
55141,"Wood, WI",3588744
56001,"Albany, WY",1321232
56003,"Big Horn, WY",502426
56005,"Campbell, WY",4947619
56007,"Carbon, WY",1734056
56009,"Converse, WY",1506663
56011,"Crook, WY",296615
56013,"Fremont, WY",1537387
56015,"Goshen, WY",452666
56017,"Hot Springs, WY",263097
56019,"Johnson, WY",448887
56021,"Laramie, WY",5400312
56023,"Lincoln, WY",883292
56025,"Natrona, WY",4994498
56027,"Niobrara, WY",129119
56029,"Park, WY",1355319
56031,"Platte, WY",500504
56033,"Sheridan, WY",1283784
56035,"Sublette, WY",1620688
56037,"Sweetwater, WY",3278745
56039,"Teton, WY",2175642
56041,"Uinta, WY",790528
56043,"Washakie, WY",336909
56045,"Weston, WY",312665
,,
Legend/Footnotes,,
"* Estimates from 2008 forward separate Skagway-Hoonah-Angoon Census Area (02232) into Skagway Municipality (02230) and Hoonah-Angoon Census Area (02105). Estimates from 2009 forward separate Wrangell-Petersburg Census Area (02280) into Petersburg Census Area and Wrangell City and Borough (02275). In addition, a part of the Prince of Wales-Outer Ketchikan Census Area (02201) was annexed by Ketchikan Gateway Borough (02130) and part (Meyers Chuck Area) was included in the new Wrangell City and Borough (02275). The remainder of the Prince of Wales-Outer Ketchikan Census Area (02201) was renamed Prince of Wales-Hyder Census Area (02198). Petersburg Borough (02195) was created from part of former Petersburg Census Area and part of Hoonah-Angoon Census Area (02105) for 2013 forward. Prince of Wales-Hyder Census Area (02198) added part of the former Petersburg Census Area beginning in 2013. For years 2009-2012, Petersburg Borough (02195) reflects the geographic boundaries of the former Petersburg Census Area.",,
"* Wade Hampton Census Area was renamed Kusilvak Census Area (02158) on July 1, 2015.",,
"* On January 2, 2019, two new county equivalents were created from the former Valdez-Cordova Census Area, Alaska (02261): Chugach Census Area (02063) and Copper River Census Area (02066). Estimates for 2020 forward reflect these changes.",,
"* Broomfield County, CO, was created from parts of Adams, Boulder, Jefferson, and Weld counties effective November 15, 2001. Estimates for Broomfield county begin with 2002.",,
"* Kalawao County, Hawaii is combined with Maui County. Separate estimates for the jurisdictions making up the combination areas are not available.",,
"* Shannon County, SD was renamed to Oglala Lakota County, SD on May 1, 2015.",,
"* Virginia combination areas consist of one or two independent cities with 1980 populations of less than 100,000 combined with an adjacent county. The county name appears first, followed by the city name(s). Separate estimates for the jurisdictions making up the combination area are not available. Bedford County, VA includes the independent city of Bedford for all years.",,
"  Metropolitan Areas are defined (geographically delineated) by the Office of Management and Budget (OMB) bulletin no. 20-01 issued March 6, 2020.",,
(NA) Not available.,,
"  Last updated: December 8, 2021 -- new statistics for 2020, revised statistics for 2001-2019.",,
