GeoFips,GeoName,2020income
1001,"Autauga, AL",46814
1003,"Baldwin, AL",50953
1005,"Barbour, AL",37850
1007,"Bibb, AL",34300
1009,"Blount, AL",38808
1011,"Bullock, AL",31944
1013,"Butler, AL",39988
1015,"Calhoun, AL",40195
1017,"Chambers, AL",38508
1019,"Cherokee, AL",37869
1021,"Chilton, AL",38778
1023,"Choctaw, AL",42231
1025,"Clarke, AL",40822
1027,"Clay, AL",37179
1029,"Cleburne, AL",37734
1031,"Coffee, AL",45262
1033,"Colbert, AL",41941
1035,"Conecuh, AL",36908
1037,"Coosa, AL",34683
1039,"Covington, AL",37930
1041,"Crenshaw, AL",38161
1043,"Cullman, AL",42659
1045,"Dale, AL",40111
1047,"Dallas, AL",41195
1049,"DeKalb, AL",35100
1051,"Elmore, AL",47270
1053,"Escambia, AL",37137
1055,"Etowah, AL",39852
1057,"Fayette, AL",38001
1059,"Franklin, AL",37362
1061,"Geneva, AL",38358
1063,"Greene, AL",35992
1065,"Hale, AL",41190
1067,"Henry, AL",45409
1069,"Houston, AL",47072
1071,"Jackson, AL",40089
1073,"Jefferson, AL",58424
1075,"Lamar, AL",37161
1077,"Lauderdale, AL",40729
1079,"Lawrence, AL",38098
1081,"Lee, AL",42468
1083,"Limestone, AL",47695
1085,"Lowndes, AL",44921
1087,"Macon, AL",37834
1089,"Madison, AL",57128
1091,"Marengo, AL",43854
1093,"Marion, AL",36330
1095,"Marshall, AL",40045
1097,"Mobile, AL",42823
1099,"Monroe, AL",38192
1101,"Montgomery, AL",47776
1103,"Morgan, AL",44679
1105,"Perry, AL",36217
1107,"Pickens, AL",36861
1109,"Pike, AL",40342
1111,"Randolph, AL",35208
1113,"Russell, AL",36526
1115,"St. Clair, AL",43279
1117,"Shelby, AL",59588
1119,"Sumter, AL",35310
1121,"Talladega, AL",38300
1123,"Tallapoosa, AL",45058
1125,"Tuscaloosa, AL",42868
1127,"Walker, AL",44095
1129,"Washington, AL",40371
1131,"Wilcox, AL",38273
1133,"Winston, AL",38382
2010,"Aleutian Islands Census Area, AK*",(NA)
2013,"Aleutians East Borough, AK*",59574
2016,"Aleutians West Census Area, AK*",59674
2020,"Anchorage Municipality, AK",70477
2050,"Bethel Census Area, AK*",47936
2060,"Bristol Bay Borough, AK",152678
2063,"Chugach Census Area, AK*",69369
2066,"Copper River Census Area, AK*",49783
2068,"Denali Borough, AK*",72967
2070,"Dillingham Census Area, AK*",60792
2090,"Fairbanks North Star Borough, AK",62254
2100,"Haines Borough, AK*",64956
2105,"Hoonah-Angoon Census Area, AK*",64708
2110,"Juneau City and Borough, AK",74162
2122,"Kenai Peninsula Borough, AK*",56139
2130,"Ketchikan Gateway Borough, AK*",70574
2150,"Kodiak Island Borough, AK",66988
2158,"Kusilvak Census Area, AK*",33968
2164,"Lake and Peninsula Borough, AK*",63397
2170,"Matanuska-Susitna Borough, AK",50386
2180,"Nome Census Area, AK",55950
2185,"North Slope Borough, AK*",90809
2188,"Northwest Arctic Borough, AK",52440
2195,"Petersburg Borough, AK*",72412
2198,"Prince of Wales-Hyder Census Area, AK*",48970
2201,"Prince of Wales-Outer Ketchikan Census Area, AK*",(NA)
2220,"Sitka City and Borough, AK*",70996
2230,"Skagway Municipality, AK*",66548
2231,"Skagway-Yakutat-Angoon Census Area, AK*",(NA)
2232,"Skagway-Hoonah-Angoon Census Area, AK*",(NA)
2240,"Southeast Fairbanks Census Area, AK*",54808
2261,"Valdez-Cordova Census Area, AK*",(NA)
2275,"Wrangell City and Borough, AK*",48549
2280,"Wrangell-Petersburg Census Area, AK*",(NA)
2282,"Yakutat City and Borough, AK*",66119
2290,"Yukon-Koyukuk Census Area, AK*",63675
2901,"Aleutian Islands Division, AK*",(NA)
2903,"Angoon Division, AK*",(NA)
2904,"Barrow-North Slope Division, AK*",(NA)
2905,"Bethel Division, AK*",(NA)
2907,"Bristol Bay Division, AK*",(NA)
2908,"Cordova-McCarthy Division, AK*",(NA)
2910,"Haines Division, AK*",(NA)
2912,"Kenai-Cook Inlet Division, AK*",(NA)
2916,"Kuskokwim Division, AK*",(NA)
2919,"Outer Ketchikan Division, AK*",(NA)
2920,"Prince of Wales Division, AK*",(NA)
2921,"Seward Division, AK*",(NA)
2922,"Sitka Division, AK*",(NA)
2923,"Skagway-Yakutat Division, AK*",(NA)
2924,"Southeast Fairbanks Division, AK*",(NA)
2925,"Upper Yukon Division, AK*",(NA)
2926,"Valdez-Chitina-Whittier Division, AK*",(NA)
2928,"Wrangell-Petersburg Division, AK*",(NA)
2929,"Yukon-Koyukuk Division, AK*",(NA)
4001,"Apache, AZ",38915
4003,"Cochise, AZ",45786
4005,"Coconino, AZ",53036
4007,"Gila, AZ",44201
4009,"Graham, AZ",35072
4011,"Greenlee, AZ",44050
4012,"La Paz, AZ*",39482
4013,"Maricopa, AZ",53521
4015,"Mohave, AZ",36529
4017,"Navajo, AZ",36169
4019,"Pima, AZ",48373
4021,"Pinal, AZ",35949
4023,"Santa Cruz, AZ",42204
4025,"Yavapai, AZ",44490
4027,"Yuma, AZ*",40800
5001,"Arkansas, AR",50534
5003,"Ashley, AR",38489
5005,"Baxter, AR",39950
5007,"Benton, AR",94289
5009,"Boone, AR",38108
5011,"Bradley, AR",42037
5013,"Calhoun, AR",38509
5015,"Carroll, AR",34692
5017,"Chicot, AR",44762
5019,"Clark, AR",39450
5021,"Clay, AR",39157
5023,"Cleburne, AR",41656
5025,"Cleveland, AR",40366
5027,"Columbia, AR",38806
5029,"Conway, AR",40633
5031,"Craighead, AR",40728
5033,"Crawford, AR",35919
5035,"Crittenden, AR",41474
5037,"Cross, AR",41715
5039,"Dallas, AR",40611
5041,"Desha, AR",44920
5043,"Drew, AR",40726
5045,"Faulkner, AR",41943
5047,"Franklin, AR",33885
5049,"Fulton, AR",31840
5051,"Garland, AR",44358
5053,"Grant, AR",41674
5055,"Greene, AR",38560
5057,"Hempstead, AR",33760
5059,"Hot Spring, AR",34110
5061,"Howard, AR",34751
5063,"Independence, AR",38266
5065,"Izard, AR",32606
5067,"Jackson, AR",41646
5069,"Jefferson, AR",39443
5071,"Johnson, AR",30728
5073,"Lafayette, AR",38307
5075,"Lawrence, AR",38065
5077,"Lee, AR",32359
5079,"Lincoln, AR",29008
5081,"Little River, AR",37075
5083,"Logan, AR",34433
5085,"Lonoke, AR",43537
5087,"Madison, AR",34012
5089,"Marion, AR",33493
5091,"Miller, AR",37065
5093,"Mississippi, AR",37730
5095,"Monroe, AR",40475
5097,"Montgomery, AR",32125
5099,"Nevada, AR",35808
5101,"Newton, AR",32731
5103,"Ouachita, AR",41877
5105,"Perry, AR",38404
5107,"Phillips, AR",38155
5109,"Pike, AR",33920
5111,"Poinsett, AR",37307
5113,"Polk, AR",32573
5115,"Pope, AR",36617
5117,"Prairie, AR",42843
5119,"Pulaski, AR",55563
5121,"Randolph, AR",36401
5123,"St. Francis, AR",30903
5125,"Saline, AR",45692
5127,"Scott, AR",32290
5129,"Searcy, AR",31657
5131,"Sebastian, AR",45586
5133,"Sevier, AR",32926
5135,"Sharp, AR",35612
5137,"Stone, AR",32753
5139,"Union, AR",48669
5141,"Van Buren, AR",34482
5143,"Washington, AR",43817
5145,"White, AR",39598
5147,"Woodruff, AR",45248
5149,"Yell, AR",33506
6001,"Alameda, CA",87078
6003,"Alpine, CA",76175
6005,"Amador, CA",47721
6007,"Butte, CA",50279
6009,"Calaveras, CA",53026
6011,"Colusa, CA",57382
6013,"Contra Costa, CA",92264
6015,"Del Norte, CA",40192
6017,"El Dorado, CA",72662
6019,"Fresno, CA",48495
6021,"Glenn, CA",52219
6023,"Humboldt, CA",50182
6025,"Imperial, CA",44500
6027,"Inyo, CA",64335
6029,"Kern, CA",44721
6031,"Kings, CA",41829
6033,"Lake, CA",47144
6035,"Lassen, CA",40490
6037,"Los Angeles, CA",68272
6039,"Madera, CA",44532
6041,"Marin, CA",145575
6043,"Mariposa, CA",57828
6045,"Mendocino, CA",54795
6047,"Merced, CA",43914
6049,"Modoc, CA",52779
6051,"Mono, CA",54586
6053,"Monterey, CA",61510
6055,"Napa, CA",82408
6057,"Nevada, CA",64876
6059,"Orange, CA",74618
6061,"Placer, CA",72279
6063,"Plumas, CA",55029
6065,"Riverside, CA",45834
6067,"Sacramento, CA",58307
6069,"San Benito, CA",60807
6071,"San Bernardino, CA",44831
6073,"San Diego, CA",66266
6075,"San Francisco, CA",144818
6077,"San Joaquin, CA",51816
6079,"San Luis Obispo, CA",62342
6081,"San Mateo, CA",141841
6083,"Santa Barbara, CA",67879
6085,"Santa Clara, CA",123661
6087,"Santa Cruz, CA",75957
6089,"Shasta, CA",51649
6091,"Sierra, CA",49139
6093,"Siskiyou, CA",49664
6095,"Solano, CA",58688
6097,"Sonoma, CA",71386
6099,"Stanislaus, CA",48954
6101,"Sutter, CA",50730
6103,"Tehama, CA",46007
6105,"Trinity, CA",43877
6107,"Tulare, CA",46348
6109,"Tuolumne, CA",49708
6111,"Ventura, CA",67422
6113,"Yolo, CA",58391
6115,"Yuba, CA",46373
8001,"Adams, CO*",48115
8003,"Alamosa, CO",42974
8005,"Arapahoe, CO",66691
8007,"Archuleta, CO",46287
8009,"Baca, CO",53223
8011,"Bent, CO",33591
8013,"Boulder, CO*",79649
8014,"Broomfield, CO*",67495
8015,"Chaffee, CO",51361
8017,"Cheyenne, CO",61731
8019,"Clear Creek, CO",67132
8021,"Conejos, CO",39847
8023,"Costilla, CO",38430
8025,"Crowley, CO",23751
8027,"Custer, CO",45691
8029,"Delta, CO",42127
8031,"Denver, CO",85411
8033,"Dolores, CO",42093
8035,"Douglas, CO",78980
8037,"Eagle, CO",87872
8039,"Elbert, CO",63970
8041,"El Paso, CO",54151
8043,"Fremont, CO",38952
8045,"Garfield, CO",62581
8047,"Gilpin, CO",55256
8049,"Grand, CO",57476
8051,"Gunnison, CO",51025
8053,"Hinsdale, CO",49423
8055,"Huerfano, CO",46859
8057,"Jackson, CO",62008
8059,"Jefferson, CO*",68829
8061,"Kiowa, CO",66839
8063,"Kit Carson, CO",47198
8065,"Lake, CO",40344
8067,"La Plata, CO",61304
8069,"Larimer, CO",58725
8071,"Las Animas, CO",43118
8073,"Lincoln, CO",35695
8075,"Logan, CO",46217
8077,"Mesa, CO",48435
8079,"Mineral, CO",73101
8081,"Moffat, CO",47467
8083,"Montezuma, CO",46919
8085,"Montrose, CO",45262
8087,"Morgan, CO",48701
8089,"Otero, CO",41333
8091,"Ouray, CO",67263
8093,"Park, CO",48514
8095,"Phillips, CO",49877
8097,"Pitkin, CO",155067
8099,"Prowers, CO",41990
8101,"Pueblo, CO",43196
8103,"Rio Blanco, CO",52422
8105,"Rio Grande, CO",53641
8107,"Routt, CO",85836
8109,"Saguache, CO",40032
8111,"San Juan, CO",50039
8113,"San Miguel, CO",93954
8115,"Sedgwick, CO",50896
8117,"Summit, CO",77754
8119,"Teller, CO",54587
8121,"Washington, CO",49287
8123,"Weld, CO*",52054
8125,"Yuma, CO",47285
9001,"Fairfield, CT",120244
9003,"Hartford, CT",67938
9005,"Litchfield, CT",67118
9007,"Middlesex, CT",71291
9009,"New Haven, CT",60092
9011,"New London, CT",61191
9013,"Tolland, CT",59590
9015,"Windham, CT",50747
10001,"Kent, DE",46600
10003,"New Castle, DE",59955
10005,"Sussex, DE",54352
11001,"District of Columbia, DC",86567
12001,"Alachua, FL",49556
12003,"Baker, FL",36552
12005,"Bay, FL",50696
12007,"Bradford, FL",36301
12009,"Brevard, FL",51507
12011,"Broward, FL",55908
12013,"Calhoun, FL",32264
12015,"Charlotte, FL",45606
12017,"Citrus, FL",41933
12019,"Clay, FL",47407
12021,"Collier, FL",103865
12023,"Columbia, FL",38243
12027,"DeSoto, FL",27863
12029,"Dixie, FL",30651
12031,"Duval, FL",51131
12033,"Escambia, FL",47381
12035,"Flagler, FL",50599
12037,"Franklin, FL",39452
12039,"Gadsden, FL",38507
12041,"Gilchrist, FL",37425
12043,"Glades, FL",28116
12045,"Gulf, FL",49666
12047,"Hamilton, FL",29383
12049,"Hardee, FL",31775
12051,"Hendry, FL",35546
12053,"Hernando, FL",41385
12055,"Highlands, FL",37158
12057,"Hillsborough, FL",51848
12059,"Holmes, FL",34661
12061,"Indian River, FL",84607
12063,"Jackson, FL",38710
12065,"Jefferson, FL",44065
12067,"Lafayette, FL",30032
12069,"Lake, FL",46563
12071,"Lee, FL",54707
12073,"Leon, FL",48850
12075,"Levy, FL",40598
12077,"Liberty, FL",28496
12079,"Madison, FL",35828
12081,"Manatee, FL",52395
12083,"Marion, FL",41553
12085,"Martin, FL",89185
12086,"Miami-Dade, FL",57213
12087,"Monroe, FL",106583
12089,"Nassau, FL",64746
12091,"Okaloosa, FL",54630
12093,"Okeechobee, FL",34998
12095,"Orange, FL",49390
12097,"Osceola, FL",39210
12099,"Palm Beach, FL",87478
12101,"Pasco, FL",45461
12103,"Pinellas, FL",59178
12105,"Polk, FL",39760
12107,"Putnam, FL",36354
12109,"St. Johns, FL",73944
12111,"St. Lucie, FL",43970
12113,"Santa Rosa, FL",49472
12115,"Sarasota, FL",70884
12117,"Seminole, FL",53403
12119,"Sumter, FL",54533
12121,"Suwannee, FL",35987
12123,"Taylor, FL",33227
12125,"Union, FL",24593
12127,"Volusia, FL",46475
12129,"Wakulla, FL",39938
12131,"Walton, FL",69862
12133,"Washington, FL",32862
13001,"Appling, GA",39199
13003,"Atkinson, GA",31938
13005,"Bacon, GA",38281
13007,"Baker, GA",43156
13009,"Baldwin, GA",36399
13011,"Banks, GA",37333
13013,"Barrow, GA",40435
13015,"Bartow, GA",42734
13017,"Ben Hill, GA",36234
13019,"Berrien, GA",35260
13021,"Bibb, GA",44830
13023,"Bleckley, GA",36712
13025,"Brantley, GA",30007
13027,"Brooks, GA",40221
13029,"Bryan, GA",56648
13031,"Bulloch, GA",35376
13033,"Burke, GA",41973
13035,"Butts, GA",37403
13037,"Calhoun, GA",28426
13039,"Camden, GA",39262
13043,"Candler, GA",36613
13045,"Carroll, GA",42058
13047,"Catoosa, GA",38815
13049,"Charlton, GA",27192
13051,"Chatham, GA",51805
13053,"Chattahoochee, GA",33166
13055,"Chattooga, GA",33855
13057,"Cherokee, GA",56278
13059,"Clarke, GA",37588
13061,"Clay, GA",38731
13063,"Clayton, GA",32702
13065,"Clinch, GA",44238
13067,"Cobb, GA",63214
13069,"Coffee, GA",35507
13071,"Colquitt, GA",37418
13073,"Columbia, GA",54420
13075,"Cook, GA",36301
13077,"Coweta, GA",52106
13079,"Crawford, GA",37563
13081,"Crisp, GA",37250
13083,"Dade, GA",37327
13085,"Dawson, GA",48170
13087,"Decatur, GA",40879
13089,"DeKalb, GA",56428
13091,"Dodge, GA",33419
13093,"Dooly, GA",34582
13095,"Dougherty, GA",40161
13097,"Douglas, GA",40264
13099,"Early, GA",42889
13101,"Echols, GA",31945
13103,"Effingham, GA",45069
13105,"Elbert, GA",38414
13107,"Emanuel, GA",37678
13109,"Evans, GA",37408
13111,"Fannin, GA",39796
13113,"Fayette, GA",71384
13115,"Floyd, GA",41238
13117,"Forsyth, GA",67859
13119,"Franklin, GA",35134
13121,"Fulton, GA",95683
13123,"Gilmer, GA",37542
13125,"Glascock, GA",36615
13127,"Glynn, GA",50480
13129,"Gordon, GA",37759
13131,"Grady, GA",37725
13133,"Greene, GA",61326
13135,"Gwinnett, GA",46886
13137,"Habersham, GA",36691
13139,"Hall, GA",48759
13141,"Hancock, GA",33557
13143,"Haralson, GA",39401
13145,"Harris, GA",51168
13147,"Hart, GA",39402
13149,"Heard, GA",34362
13151,"Henry, GA",43812
13153,"Houston, GA",46579
13155,"Irwin, GA",38364
13157,"Jackson, GA",45099
13159,"Jasper, GA",40541
13161,"Jeff Davis, GA",34341
13163,"Jefferson, GA",39544
13165,"Jenkins, GA",33497
13167,"Johnson, GA",27965
13169,"Jones, GA",41436
13171,"Lamar, GA",37303
13173,"Lanier, GA",31021
13175,"Laurens, GA",41650
13177,"Lee, GA",51908
13179,"Liberty, GA",40087
13181,"Lincoln, GA",40424
13183,"Long, GA",29738
13185,"Lowndes, GA",41117
13187,"Lumpkin, GA",41181
13189,"McDuffie, GA",41111
13191,"McIntosh, GA",34500
13193,"Macon, GA",33955
13195,"Madison, GA",38890
13197,"Marion, GA",31621
13199,"Meriwether, GA",39121
13201,"Miller, GA",49844
13205,"Mitchell, GA",39711
13207,"Monroe, GA",48985
13209,"Montgomery, GA",34061
13211,"Morgan, GA",55032
13213,"Murray, GA",33841
13215,"Muscogee, GA",48080
13217,"Newton, GA",38256
13219,"Oconee, GA",71768
13221,"Oglethorpe, GA",38236
13223,"Paulding, GA",42595
13225,"Peach, GA",41931
13227,"Pickens, GA",50868
13229,"Pierce, GA",39979
13231,"Pike, GA",44311
13233,"Polk, GA",36190
13235,"Pulaski, GA",34636
13237,"Putnam, GA",48498
13239,"Quitman, GA",34810
13241,"Rabun, GA",44160
13243,"Randolph, GA",37204
13245,"Richmond, GA",41999
13247,"Rockdale, GA",40051
13249,"Schley, GA",35588
13251,"Screven, GA",37694
13253,"Seminole, GA",48082
13255,"Spalding, GA",38792
13257,"Stephens, GA",40153
13259,"Stewart, GA",25041
13261,"Sumter, GA",40387
13263,"Talbot, GA",38621
13265,"Taliaferro, GA",36860
13267,"Tattnall, GA",30222
13269,"Taylor, GA",33630
13271,"Telfair, GA",22644
13273,"Terrell, GA",44976
13275,"Thomas, GA",49443
13277,"Tift, GA",42279
13279,"Toombs, GA",40041
13281,"Towns, GA",42908
13283,"Treutlen, GA",31899
13285,"Troup, GA",40920
13287,"Turner, GA",39281
13289,"Twiggs, GA",44686
13291,"Union, GA",39839
13293,"Upson, GA",39391
13295,"Walker, GA",36157
13297,"Walton, GA",44977
13299,"Ware, GA",37306
13301,"Warren, GA",39545
13303,"Washington, GA",39151
13305,"Wayne, GA",34877
13307,"Webster, GA",36032
13309,"Wheeler, GA",21087
13311,"White, GA",38858
13313,"Whitfield, GA",43456
13315,"Wilcox, GA",29895
13317,"Wilkes, GA",42093
13319,"Wilkinson, GA",40158
13321,"Worth, GA",39102
15001,"Hawaii, HI",46281
15003,"Honolulu, HI",62793
15007,"Kauai, HI",54089
15901,"Maui + Kalawao, HI*",51838
16001,"Ada, ID",57215
16003,"Adams, ID",41066
16005,"Bannock, ID",41272
16007,"Bear Lake, ID",46370
16009,"Benewah, ID",42803
16011,"Bingham, ID",42541
16013,"Blaine, ID",117681
16015,"Boise, ID",45422
16017,"Bonner, ID",44751
16019,"Bonneville, ID",54601
16021,"Boundary, ID",39272
16023,"Butte, ID",51370
16025,"Camas, ID",53373
16027,"Canyon, ID",37611
16029,"Caribou, ID",48595
16031,"Cassia, ID",51149
16033,"Clark, ID",47615
16035,"Clearwater, ID",39140
16037,"Custer, ID",48718
16039,"Elmore, ID",42033
16041,"Franklin, ID",40495
16043,"Fremont (includes Yellowstone Park), ID",40803
16045,"Gem, ID",42561
16047,"Gooding, ID",68597
16049,"Idaho, ID",39182
16051,"Jefferson, ID",40288
16053,"Jerome, ID",42332
16055,"Kootenai, ID",48953
16057,"Latah, ID",43944
16059,"Lemhi, ID",47981
16061,"Lewis, ID",54918
16063,"Lincoln, ID",45593
16065,"Madison, ID",30838
16067,"Minidoka, ID",46743
16069,"Nez Perce, ID",50550
16071,"Oneida, ID",43117
16073,"Owyhee, ID",42616
16075,"Payette, ID",44312
16077,"Power, ID",52807
16079,"Shoshone, ID",40953
16081,"Teton, ID",43521
16083,"Twin Falls, ID",44112
16085,"Valley, ID",52298
16087,"Washington, ID",40050
17001,"Adams, IL",51779
17003,"Alexander, IL",43272
17005,"Bond, IL",41745
17007,"Boone, IL",51066
17009,"Brown, IL",41094
17011,"Bureau, IL",47081
17013,"Calhoun, IL",47665
17015,"Carroll, IL",50871
17017,"Cass, IL",48079
17019,"Champaign, IL",49187
17021,"Christian, IL",46873
17023,"Clark, IL",46560
17025,"Clay, IL",45559
17027,"Clinton, IL",51095
17029,"Coles, IL",45967
17031,"Cook, IL",69935
17033,"Crawford, IL",50986
17035,"Cumberland, IL",80116
17037,"DeKalb, IL",45555
17039,"De Witt, IL",53339
17041,"Douglas, IL",55721
17043,"DuPage, IL",79127
17045,"Edgar, IL",48411
17047,"Edwards, IL",45295
17049,"Effingham, IL",54838
17051,"Fayette, IL",40786
17053,"Ford, IL",58512
17055,"Franklin, IL",41625
17057,"Fulton, IL",42264
17059,"Gallatin, IL",48856
17061,"Greene, IL",42437
17063,"Grundy, IL",61862
17065,"Hamilton, IL",48255
17067,"Hancock, IL",51388
17069,"Hardin, IL",40720
17071,"Henderson, IL",48805
17073,"Henry, IL",51103
17075,"Iroquois, IL",51824
17077,"Jackson, IL",40297
17079,"Jasper, IL",48090
17081,"Jefferson, IL",44163
17083,"Jersey, IL",46828
17085,"Jo Daviess, IL",53399
17087,"Johnson, IL",39793
17089,"Kane, IL",55976
17091,"Kankakee, IL",46988
17093,"Kendall, IL",53998
17095,"Knox, IL",44921
17097,"Lake, IL",85159
17099,"LaSalle, IL",49292
17101,"Lawrence, IL",35878
17103,"Lee, IL",47249
17105,"Livingston, IL",52100
17107,"Logan, IL",41682
17109,"McDonough, IL",41685
17111,"McHenry, IL",60097
17113,"McLean, IL",54639
17115,"Macon, IL",52196
17117,"Macoupin, IL",45948
17119,"Madison, IL",51433
17121,"Marion, IL",46966
17123,"Marshall, IL",51165
17125,"Mason, IL",47178
17127,"Massac, IL",44089
17129,"Menard, IL",51028
17131,"Mercer, IL",53966
17133,"Monroe, IL",61366
17135,"Montgomery, IL",40180
17137,"Morgan, IL",43763
17139,"Moultrie, IL",69297
17141,"Ogle, IL",50110
17143,"Peoria, IL",54609
17145,"Perry, IL",41366
17147,"Piatt, IL",59952
17149,"Pike, IL",47052
17151,"Pope, IL",33286
17153,"Pulaski, IL",43533
17155,"Putnam, IL",66839
17157,"Randolph, IL",41919
17159,"Richland, IL",46318
17161,"Rock Island, IL",48492
17163,"St. Clair, IL",49646
17165,"Saline, IL",44321
17167,"Sangamon, IL",52891
17169,"Schuyler, IL",49505
17171,"Scott, IL",47152
17173,"Shelby, IL",45745
17175,"Stark, IL",51267
17177,"Stephenson, IL",46534
17179,"Tazewell, IL",51920
17181,"Union, IL",48028
17183,"Vermilion, IL",44533
17185,"Wabash, IL",47543
17187,"Warren, IL",47232
17189,"Washington, IL",53789
17191,"Wayne, IL",44127
17193,"White, IL",52223
17195,"Whiteside, IL",48757
17197,"Will, IL",57700
17199,"Williamson, IL",48625
17201,"Winnebago, IL",47404
17203,"Woodford, IL",56797
18001,"Adams, IN",42452
18003,"Allen, IN",50327
18005,"Bartholomew, IN",55804
18007,"Benton, IN",48450
18009,"Blackford, IN",41561
18011,"Boone, IN",80314
18013,"Brown, IN",51505
18015,"Carroll, IN",46792
18017,"Cass, IN",44305
18019,"Clark, IN",48210
18021,"Clay, IN",41941
18023,"Clinton, IN",43027
18025,"Crawford, IN",38276
18027,"Daviess, IN",47919
18029,"Dearborn, IN",52778
18031,"Decatur, IN",48033
18033,"DeKalb, IN",48937
18035,"Delaware, IN",40948
18037,"Dubois, IN",59524
18039,"Elkhart, IN",49875
18041,"Fayette, IN",45375
18043,"Floyd, IN",60233
18045,"Fountain, IN",44685
18047,"Franklin, IN",51316
18049,"Fulton, IN",46613
18051,"Gibson, IN",48976
18053,"Grant, IN",43997
18055,"Greene, IN",44437
18057,"Hamilton, IN",80426
18059,"Hancock, IN",55084
18061,"Harrison, IN",46468
18063,"Hendricks, IN",55169
18065,"Henry, IN",43016
18067,"Howard, IN",44945
18069,"Huntington, IN",45969
18071,"Jackson, IN",47673
18073,"Jasper, IN",48987
18075,"Jay, IN",42194
18077,"Jefferson, IN",48068
18079,"Jennings, IN",45380
18081,"Johnson, IN",53081
18083,"Knox, IN",49156
18085,"Kosciusko, IN",51687
18087,"Lagrange, IN",45115
18089,"Lake, IN",49229
18091,"LaPorte, IN",46274
18093,"Lawrence, IN",45897
18095,"Madison, IN",42283
18097,"Marion, IN",59264
18099,"Marshall, IN",45277
18101,"Martin, IN",44160
18103,"Miami, IN",37669
18105,"Monroe, IN",46693
18107,"Montgomery, IN",44415
18109,"Morgan, IN",47894
18111,"Newton, IN",46215
18113,"Noble, IN",44436
18115,"Ohio, IN",44555
18117,"Orange, IN",41640
18119,"Owen, IN",45143
18121,"Parke, IN",41554
18123,"Perry, IN",40140
18125,"Pike, IN",44603
18127,"Porter, IN",57654
18129,"Posey, IN",54646
18131,"Pulaski, IN",50558
18133,"Putnam, IN",41404
18135,"Randolph, IN",44027
18137,"Ripley, IN",46992
18139,"Rush, IN",49889
18141,"St. Joseph, IN",51141
18143,"Scott, IN",41981
18145,"Shelby, IN",48628
18147,"Spencer, IN",47890
18149,"Starke, IN",38910
18151,"Steuben, IN",48032
18153,"Sullivan, IN",39903
18155,"Switzerland, IN",35647
18157,"Tippecanoe, IN",41446
18159,"Tipton, IN",50127
18161,"Union, IN",43626
18163,"Vanderburgh, IN",50033
18165,"Vermillion, IN",41997
18167,"Vigo, IN",41895
18169,"Wabash, IN",46847
18171,"Warren, IN",49845
18173,"Warrick, IN",60188
18175,"Washington, IN",43519
18177,"Wayne, IN",45499
18179,"Wells, IN",45704
18181,"White, IN",47633
18183,"Whitley, IN",49256
19001,"Adair, IA",56422
19003,"Adams, IA",59569
19005,"Allamakee, IA",51107
19007,"Appanoose, IA",42125
19009,"Audubon, IA",54313
19011,"Benton, IA",57277
19013,"Black Hawk, IA",49133
19015,"Boone, IA",52028
19017,"Bremer, IA",52608
19019,"Buchanan, IA",51065
19021,"Buena Vista, IA",48077
19023,"Butler, IA",49428
19025,"Calhoun, IA",52585
19027,"Carroll, IA",56244
19029,"Cass, IA",50849
19031,"Cedar, IA",56528
19033,"Cerro Gordo, IA",53643
19035,"Cherokee, IA",60881
19037,"Chickasaw, IA",59495
19039,"Clarke, IA",43807
19041,"Clay, IA",54395
19043,"Clayton, IA",53657
19045,"Clinton, IA",48328
19047,"Crawford, IA",45230
19049,"Dallas, IA",70851
19051,"Davis, IA",41649
19053,"Decatur, IA",38347
19055,"Delaware, IA",54843
19057,"Des Moines, IA",51704
19059,"Dickinson, IA",63319
19061,"Dubuque, IA",54751
19063,"Emmet, IA",46654
19065,"Fayette, IA",47373
19067,"Floyd, IA",50215
19069,"Franklin, IA",51028
19071,"Fremont, IA",50870
19073,"Greene, IA",52647
19075,"Grundy, IA",55615
19077,"Guthrie, IA",54755
19079,"Hamilton, IA",51584
19081,"Hancock, IA",54318
19083,"Hardin, IA",50328
19085,"Harrison, IA",49678
19087,"Henry, IA",46541
19089,"Howard, IA",52726
19091,"Humboldt, IA",52298
19093,"Ida, IA",57429
19095,"Iowa, IA",58759
19097,"Jackson, IA",49878
19099,"Jasper, IA",46473
19101,"Jefferson, IA",42674
19103,"Johnson, IA",56573
19105,"Jones, IA",47506
19107,"Keokuk, IA",48599
19109,"Kossuth, IA",53422
19111,"Lee, IA",45548
19113,"Linn, IA",56592
19115,"Louisa, IA",44821
19117,"Lucas, IA",44707
19119,"Lyon, IA",57766
19121,"Madison, IA",53244
19123,"Mahaska, IA",46388
19125,"Marion, IA",53648
19127,"Marshall, IA",47696
19129,"Mills, IA",60384
19131,"Mitchell, IA",62037
19133,"Monona, IA",50807
19135,"Monroe, IA",48423
19137,"Montgomery, IA",45665
19139,"Muscatine, IA",51135
19141,"O'Brien, IA",57629
19143,"Osceola, IA",50706
19145,"Page, IA",47321
19147,"Palo Alto, IA",51679
19149,"Plymouth, IA",59460
19151,"Pocahontas, IA",53074
19153,"Polk, IA",57080
19155,"Pottawattamie, IA",47921
19157,"Poweshiek, IA",50139
19159,"Ringgold, IA",50196
19161,"Sac, IA",59653
19163,"Scott, IA",58465
19165,"Shelby, IA",55229
19167,"Sioux, IA",55209
19169,"Story, IA",45951
19171,"Tama, IA",52315
19173,"Taylor, IA",44763
19175,"Union, IA",43735
19177,"Van Buren, IA",41781
19179,"Wapello, IA",42889
19181,"Warren, IA",54251
19183,"Washington, IA",59565
19185,"Wayne, IA",46743
19187,"Webster, IA",48862
19189,"Winnebago, IA",45722
19191,"Winneshiek, IA",54036
19193,"Woodbury, IA",47731
19195,"Worth, IA",45566
19197,"Wright, IA",52825
20001,"Allen, KS",45840
20003,"Anderson, KS",43864
20005,"Atchison, KS",42974
20007,"Barber, KS",49804
20009,"Barton, KS",49436
20011,"Bourbon, KS",44521
20013,"Brown, KS",48026
20015,"Butler, KS",50789
20017,"Chase, KS",56852
20019,"Chautauqua, KS",44908
20021,"Cherokee, KS",44739
20023,"Cheyenne, KS",54465
20025,"Clark, KS",60647
20027,"Clay, KS",47126
20029,"Cloud, KS",44452
20031,"Coffey, KS",56988
20033,"Comanche, KS",46141
20035,"Cowley, KS",42334
20037,"Crawford, KS",42963
20039,"Decatur, KS",51018
20041,"Dickinson, KS",47348
20043,"Doniphan, KS",44885
20045,"Douglas, KS",47494
20047,"Edwards, KS",61904
20049,"Elk, KS",42431
20051,"Ellis, KS",50785
20053,"Ellsworth, KS",47276
20055,"Finney, KS",46899
20057,"Ford, KS",45081
20059,"Franklin, KS",46437
20061,"Geary, KS",54663
20063,"Gove, KS",61150
20065,"Graham, KS",56190
20067,"Grant, KS",44835
20069,"Gray, KS",60355
20071,"Greeley, KS",89737
20073,"Greenwood, KS",46032
20075,"Hamilton, KS",75840
20077,"Harper, KS",57870
20079,"Harvey, KS",46698
20081,"Haskell, KS",56311
20083,"Hodgeman, KS",61030
20085,"Jackson, KS",46523
20087,"Jefferson, KS",48099
20089,"Jewell, KS",55860
20091,"Johnson, KS",80681
20093,"Kearny, KS",61932
20095,"Kingman, KS",50889
20097,"Kiowa, KS",48250
20099,"Labette, KS",47114
20101,"Lane, KS",72211
20103,"Leavenworth, KS",46176
20105,"Lincoln, KS",52328
20107,"Linn, KS",44155
20109,"Logan, KS",57732
20111,"Lyon, KS",43035
20113,"McPherson, KS",58438
20115,"Marion, KS",46588
20117,"Marshall, KS",48358
20119,"Meade, KS",65633
20121,"Miami, KS",52811
20123,"Mitchell, KS",63384
20125,"Montgomery, KS",40651
20127,"Morris, KS",48171
20129,"Morton, KS",54151
20131,"Nemaha, KS",56013
20133,"Neosho, KS",43566
20135,"Ness, KS",60508
20137,"Norton, KS",47679
20139,"Osage, KS",46698
20141,"Osborne, KS",51423
20143,"Ottawa, KS",45692
20145,"Pawnee, KS",43986
20147,"Phillips, KS",56496
20149,"Pottawatomie, KS",57495
20151,"Pratt, KS",53750
20153,"Rawlins, KS",65230
20155,"Reno, KS",44529
20157,"Republic, KS",49163
20159,"Rice, KS",46275
20161,"Riley, KS",45177
20163,"Rooks, KS",46817
20165,"Rush, KS",59190
20167,"Russell, KS",48430
20169,"Saline, KS",53320
20171,"Scott, KS",60520
20173,"Sedgwick, KS",56550
20175,"Seward, KS",43606
20177,"Shawnee, KS",51216
20179,"Sheridan, KS",50691
20181,"Sherman, KS",48439
20183,"Smith, KS",54497
20185,"Stafford, KS",50623
20187,"Stanton, KS",85633
20189,"Stevens, KS",48686
20191,"Sumner, KS",44392
20193,"Thomas, KS",51457
20195,"Trego, KS",56311
20197,"Wabaunsee, KS",54428
20199,"Wallace, KS",59159
20201,"Washington, KS",52731
20203,"Wichita, KS",61032
20205,"Wilson, KS",45341
20207,"Woodson, KS",43381
20209,"Wyandotte, KS",36961
21001,"Adair, KY",35880
21003,"Allen, KY",35499
21005,"Anderson, KY",44009
21007,"Ballard, KY",45124
21009,"Barren, KY",41057
21011,"Bath, KY",35333
21013,"Bell, KY",34618
21015,"Boone, KY",53405
21017,"Bourbon, KY",51624
21019,"Boyd, KY",43917
21021,"Boyle, KY",43024
21023,"Bracken, KY",42258
21025,"Breathitt, KY",38011
21027,"Breckinridge, KY",39084
21029,"Bullitt, KY",46618
21031,"Butler, KY",38969
21033,"Caldwell, KY",40364
21035,"Calloway, KY",38629
21037,"Campbell, KY",53445
21039,"Carlisle, KY",48900
21041,"Carroll, KY",41568
21043,"Carter, KY",36002
21045,"Casey, KY",36436
21047,"Christian, KY",42884
21049,"Clark, KY",43952
21051,"Clay, KY",35259
21053,"Clinton, KY",35609
21055,"Crittenden, KY",39879
21057,"Cumberland, KY",44628
21059,"Daviess, KY",46373
21061,"Edmonson, KY",37223
21063,"Elliott, KY",27001
21065,"Estill, KY",36569
21067,"Fayette, KY",54824
21069,"Fleming, KY",39846
21071,"Floyd, KY",41330
21073,"Franklin, KY",47009
21075,"Fulton, KY",39745
21077,"Gallatin, KY",38178
21079,"Garrard, KY",38822
21081,"Grant, KY",40772
21083,"Graves, KY",42264
21085,"Grayson, KY",38959
21087,"Green, KY",39882
21089,"Greenup, KY",45897
21091,"Hancock, KY",40261
21093,"Hardin, KY",47873
21095,"Harlan, KY",35824
21097,"Harrison, KY",41079
21099,"Hart, KY",37418
21101,"Henderson, KY",44793
21103,"Henry, KY",43426
21105,"Hickman, KY",46425
21107,"Hopkins, KY",42918
21109,"Jackson, KY",33106
21111,"Jefferson, KY",57863
21113,"Jessamine, KY",49406
21115,"Johnson, KY",37769
21117,"Kenton, KY",62500
21119,"Knott, KY",35697
21121,"Knox, KY",33797
21123,"Larue, KY",42333
21125,"Laurel, KY",37869
21127,"Lawrence, KY",36446
21129,"Lee, KY",32694
21131,"Leslie, KY",38666
21133,"Letcher, KY",35770
21135,"Lewis, KY",36806
21137,"Lincoln, KY",37303
21139,"Livingston, KY",43379
21141,"Logan, KY",40963
21143,"Lyon, KY",40843
21145,"McCracken, KY",52171
21147,"McCreary, KY",30943
21149,"McLean, KY",43162
21151,"Madison, KY",39093
21153,"Magoffin, KY",38033
21155,"Marion, KY",41225
21157,"Marshall, KY",45975
21159,"Martin, KY",32383
21161,"Mason, KY",45488
21163,"Meade, KY",44720
21165,"Menifee, KY",35489
21167,"Mercer, KY",41025
21169,"Metcalfe, KY",35804
21171,"Monroe, KY",42638
21173,"Montgomery, KY",39549
21175,"Morgan, KY",31500
21177,"Muhlenberg, KY",37328
21179,"Nelson, KY",47784
21181,"Nicholas, KY",39531
21183,"Ohio, KY",36606
21185,"Oldham, KY",68986
21187,"Owen, KY",37464
21189,"Owsley, KY",36830
21191,"Pendleton, KY",46524
21193,"Perry, KY",43661
21195,"Pike, KY",39450
21197,"Powell, KY",37224
21199,"Pulaski, KY",41989
21201,"Robertson, KY",39137
21203,"Rockcastle, KY",35809
21205,"Rowan, KY",34561
21207,"Russell, KY",40672
21209,"Scott, KY",47509
21211,"Shelby, KY",50602
21213,"Simpson, KY",42537
21215,"Spencer, KY",49066
21217,"Taylor, KY",39488
21219,"Todd, KY",41672
21221,"Trigg, KY",41497
21223,"Trimble, KY",44227
21225,"Union, KY",41157
21227,"Warren, KY",40705
21229,"Washington, KY",41902
21231,"Wayne, KY",33258
21233,"Webster, KY",42496
21235,"Whitley, KY",38256
21237,"Wolfe, KY",36449
21239,"Woodford, KY",54911
22001,"Acadia, LA",40916
22003,"Allen, LA",37054
22005,"Ascension, LA",54395
22007,"Assumption, LA",51585
22009,"Avoyelles, LA",41977
22011,"Beauregard, LA",47003
22013,"Bienville, LA",42372
22015,"Bossier, LA",48907
22017,"Caddo, LA",55047
22019,"Calcasieu, LA",50994
22021,"Caldwell, LA",38705
22023,"Cameron, LA",49224
22025,"Catahoula, LA",39357
22027,"Claiborne, LA",36281
22029,"Concordia, LA",38891
22031,"De Soto, LA",45615
22033,"East Baton Rouge, LA",56484
22035,"East Carroll, LA",41875
22037,"East Feliciana, LA",44787
22039,"Evangeline, LA",37820
22041,"Franklin, LA",37754
22043,"Grant, LA",34870
22045,"Iberia, LA",44242
22047,"Iberville, LA",46461
22049,"Jackson, LA",37665
22051,"Jefferson, LA",55373
22053,"Jefferson Davis, LA",45620
22055,"Lafayette, LA",52507
22057,"Lafourche, LA",48741
22059,"LaSalle, LA",36116
22061,"Lincoln, LA",44944
22063,"Livingston, LA",45620
22065,"Madison, LA",38337
22067,"Morehouse, LA",44187
22069,"Natchitoches, LA",43702
22071,"Orleans, LA",57421
22073,"Ouachita, LA",45661
22075,"Plaquemines, LA",51456
22077,"Pointe Coupee, LA",52332
22079,"Rapides, LA",50226
22081,"Red River, LA",45680
22083,"Richland, LA",42644
22085,"Sabine, LA",38190
22087,"St. Bernard, LA",36093
22089,"St. Charles, LA",53148
22091,"St. Helena, LA",48743
22093,"St. James, LA",56880
22095,"St. John the Baptist, LA",45927
22097,"St. Landry, LA",46131
22099,"St. Martin, LA",42203
22101,"St. Mary, LA",45760
22103,"St. Tammany, LA",70190
22105,"Tangipahoa, LA",41792
22107,"Tensas, LA",44043
22109,"Terrebonne, LA",45942
22111,"Union, LA",43609
22113,"Vermilion, LA",42526
22115,"Vernon, LA",45320
22117,"Washington, LA",38515
22119,"Webster, LA",45088
22121,"West Baton Rouge, LA",51758
22123,"West Carroll, LA",37148
22125,"West Feliciana, LA",41145
22127,"Winn, LA",41491
23001,"Androscoggin, ME",46357
23003,"Aroostook, ME",47605
23005,"Cumberland, ME",68237
23007,"Franklin, ME",43276
23009,"Hancock, ME",55393
23011,"Kennebec, ME",50469
23013,"Knox, ME",54363
23015,"Lincoln, ME",54300
23017,"Oxford, ME",42327
23019,"Penobscot, ME",47315
23021,"Piscataquis, ME",42527
23023,"Sagadahoc, ME",55965
23025,"Somerset, ME",43134
23027,"Waldo, ME",47495
23029,"Washington, ME",45558
23031,"York, ME",58038
24001,"Allegany, MD",43970
24003,"Anne Arundel, MD",72197
24005,"Baltimore, MD",66585
24009,"Calvert, MD",66469
24011,"Caroline, MD",48393
24013,"Carroll, MD",66901
24015,"Cecil, MD",51853
24017,"Charles, MD",61324
24019,"Dorchester, MD",49921
24021,"Frederick, MD",66664
24023,"Garrett, MD",48630
24025,"Harford, MD",63432
24027,"Howard, MD",81969
24029,"Kent, MD",64331
24031,"Montgomery, MD",89552
24033,"Prince George's, MD",54195
24035,"Queen Anne's, MD",67861
24037,"St. Mary's, MD",61144
24039,"Somerset, MD",32531
24041,"Talbot, MD",76528
24043,"Washington, MD",50493
24045,"Wicomico, MD",44184
24047,"Worcester, MD",59881
24510,"Baltimore (Independent City), MD",54097
25001,"Barnstable, MA",80420
25003,"Berkshire, MA",61872
25005,"Bristol, MA",61031
25007,"Dukes, MA",89757
25009,"Essex, MA",74519
25011,"Franklin, MA",59853
25013,"Hampden, MA",57821
25015,"Hampshire, MA",57030
25017,"Middlesex, MA",90688
25019,"Nantucket, MA",114832
25021,"Norfolk, MA",98019
25023,"Plymouth, MA",74034
25025,"Suffolk, MA",90571
25027,"Worcester, MA",63286
26001,"Alcona, MI",44953
26003,"Alger, MI",37951
26005,"Allegan, MI",50091
26007,"Alpena, MI",45685
26009,"Antrim, MI",52490
26011,"Arenac, MI",43466
26013,"Baraga, MI",38750
26015,"Barry, MI",49232
26017,"Bay, MI",47786
26019,"Benzie, MI",50509
26021,"Berrien, MI",52395
26023,"Branch, MI",42356
26025,"Calhoun, MI",44729
26027,"Cass, MI",50365
26029,"Charlevoix, MI",57289
26031,"Cheboygan, MI",44801
26033,"Chippewa, MI",39693
26035,"Clare, MI",38655
26037,"Clinton, MI",51053
26039,"Crawford, MI",39405
26041,"Delta, MI",45260
26043,"Dickinson, MI",53526
26045,"Eaton, MI",47407
26047,"Emmet, MI",62918
26049,"Genesee, MI",46152
26051,"Gladwin, MI",40772
26053,"Gogebic, MI",47894
26055,"Grand Traverse, MI",56861
26057,"Gratiot, MI",42067
26059,"Hillsdale, MI",39404
26061,"Houghton, MI",42884
26063,"Huron, MI",53638
26065,"Ingham, MI",44957
26067,"Ionia, MI",39366
26069,"Iosco, MI",43618
26071,"Iron, MI",49153
26073,"Isabella, MI",40021
26075,"Jackson, MI",44889
26077,"Kalamazoo, MI",52403
26079,"Kalkaska, MI",41545
26081,"Kent, MI",57397
26083,"Keweenaw, MI",51972
26085,"Lake, MI",39507
26087,"Lapeer, MI",49441
26089,"Leelanau, MI",73238
26091,"Lenawee, MI",44821
26093,"Livingston, MI",62622
26095,"Luce, MI",36339
26097,"Mackinac, MI",50217
26099,"Macomb, MI",52195
26101,"Manistee, MI",44382
26103,"Marquette, MI",44445
26105,"Mason, MI",45326
26107,"Mecosta, MI",37579
26109,"Menominee, MI",47594
26111,"Midland, MI",57561
26113,"Missaukee, MI",40298
26115,"Monroe, MI",52028
26117,"Montcalm, MI",40018
26119,"Montmorency, MI",42154
26121,"Muskegon, MI",44000
26123,"Newaygo, MI",42117
26125,"Oakland, MI",76941
26127,"Oceana, MI",43261
26129,"Ogemaw, MI",39101
26131,"Ontonagon, MI",45761
26133,"Osceola, MI",41965
26135,"Oscoda, MI",36374
26137,"Otsego, MI",46166
26139,"Ottawa, MI",52759
26141,"Presque Isle, MI",45872
26143,"Roscommon, MI",41258
26145,"Saginaw, MI",45328
26147,"St. Clair, MI",50107
26149,"St. Joseph, MI",43818
26151,"Sanilac, MI",44093
26153,"Schoolcraft, MI",45281
26155,"Shiawassee, MI",44855
26157,"Tuscola, MI",43073
26159,"Van Buren, MI",45869
26161,"Washtenaw, MI",63655
26163,"Wayne, MI",48788
26165,"Wexford, MI",41545
27001,"Aitkin, MN",46390
27003,"Anoka, MN",55694
27005,"Becker, MN",51772
27007,"Beltrami, MN",45368
27009,"Benton, MN",49403
27011,"Big Stone, MN",62498
27013,"Blue Earth, MN",49288
27015,"Brown, MN",59763
27017,"Carlton, MN",47227
27019,"Carver, MN",75677
27021,"Cass, MN",51340
27023,"Chippewa, MN",56148
27025,"Chisago, MN",53140
27027,"Clay, MN",47522
27029,"Clearwater, MN",49654
27031,"Cook, MN",56220
27033,"Cottonwood, MN",56130
27035,"Crow Wing, MN",49092
27037,"Dakota, MN",64748
27039,"Dodge, MN",51585
27041,"Douglas, MN",56039
27043,"Faribault, MN",50321
27045,"Fillmore, MN",49630
27047,"Freeborn, MN",50364
27049,"Goodhue, MN",58303
27051,"Grant, MN",55429
27053,"Hennepin, MN",79183
27055,"Houston, MN",55443
27057,"Hubbard, MN",52122
27059,"Isanti, MN",49082
27061,"Itasca, MN",48872
27063,"Jackson, MN",62789
27065,"Kanabec, MN",48092
27067,"Kandiyohi, MN",57122
27069,"Kittson, MN",63181
27071,"Koochiching, MN",49019
27073,"Lac qui Parle, MN",60286
27075,"Lake, MN",51683
27077,"Lake of the Woods, MN",60435
27079,"Le Sueur, MN",54361
27081,"Lincoln, MN",53464
27083,"Lyon, MN",54589
27085,"McLeod, MN",54149
27087,"Mahnomen, MN",40781
27089,"Marshall, MN",63090
27091,"Martin, MN",57955
27093,"Meeker, MN",49478
27095,"Mille Lacs, MN",47379
27097,"Morrison, MN",47610
27099,"Mower, MN",50537
27101,"Murray, MN",63620
27103,"Nicollet, MN",53083
27105,"Nobles, MN",53881
27107,"Norman, MN",51626
27109,"Olmsted, MN",63100
27111,"Otter Tail, MN",52707
27113,"Pennington, MN",61825
27115,"Pine, MN",42237
27117,"Pipestone, MN",59326
27119,"Polk, MN",55849
27121,"Pope, MN",56561
27123,"Ramsey, MN",58557
27125,"Red Lake, MN",55620
27127,"Redwood, MN",61772
27129,"Renville, MN",58489
27131,"Rice, MN",47839
27133,"Rock, MN",59225
27135,"Roseau, MN",55999
27137,"St. Louis, MN",50986
27139,"Scott, MN",65655
27141,"Sherburne, MN",50710
27143,"Sibley, MN",53677
27145,"Stearns, MN",51216
27147,"Steele, MN",51703
27149,"Stevens, MN",55345
27151,"Swift, MN",56060
27153,"Todd, MN",47123
27155,"Traverse, MN",74000
27157,"Wabasha, MN",53837
27159,"Wadena, MN",43925
27161,"Waseca, MN",47139
27163,"Washington, MN",72273
27165,"Watonwan, MN",53034
27167,"Wilkin, MN",62497
27169,"Winona, MN",52198
27171,"Wright, MN",55218
27173,"Yellow Medicine, MN",61315
28001,"Adams, MS",38331
28003,"Alcorn, MS",38956
28005,"Amite, MS",37692
28007,"Attala, MS",37962
28009,"Benton, MS",34691
28011,"Bolivar, MS",42767
28013,"Calhoun, MS",38017
28015,"Carroll, MS",41624
28017,"Chickasaw, MS",40254
28019,"Choctaw, MS",38813
28021,"Claiborne, MS",34852
28023,"Clarke, MS",42207
28025,"Clay, MS",42187
28027,"Coahoma, MS",40781
28029,"Copiah, MS",36414
28031,"Covington, MS",38250
28033,"DeSoto, MS",45764
28035,"Forrest, MS",42175
28037,"Franklin, MS",38355
28039,"George, MS",38668
28041,"Greene, MS",31102
28043,"Grenada, MS",40296
28045,"Hancock, MS",39455
28047,"Harrison, MS",41534
28049,"Hinds, MS",43452
28051,"Holmes, MS",33567
28053,"Humphreys, MS",40236
28055,"Issaquena, MS",38921
28057,"Itawamba, MS",39878
28059,"Jackson, MS",41575
28061,"Jasper, MS",41967
28063,"Jefferson, MS",38101
28065,"Jefferson Davis, MS",33434
28067,"Jones, MS",40402
28069,"Kemper, MS",33841
28071,"Lafayette, MS",46037
28073,"Lamar, MS",43227
28075,"Lauderdale, MS",42673
28077,"Lawrence, MS",36649
28079,"Leake, MS",32239
28081,"Lee, MS",46138
28083,"Leflore, MS",43878
28085,"Lincoln, MS",42121
28087,"Lowndes, MS",44152
28089,"Madison, MS",68381
28091,"Marion, MS",41433
28093,"Marshall, MS",37543
28095,"Monroe, MS",39729
28097,"Montgomery, MS",39432
28099,"Neshoba, MS",38507
28101,"Newton, MS",37484
28103,"Noxubee, MS",37781
28105,"Oktibbeha, MS",37853
28107,"Panola, MS",37593
28109,"Pearl River, MS",40201
28111,"Perry, MS",36953
28113,"Pike, MS",34718
28115,"Pontotoc, MS",37342
28117,"Prentiss, MS",34158
28119,"Quitman, MS",34239
28121,"Rankin, MS",48295
28123,"Scott, MS",32840
28125,"Sharkey, MS",42775
28127,"Simpson, MS",38987
28129,"Smith, MS",36494
28131,"Stone, MS",37001
28133,"Sunflower, MS",35454
28135,"Tallahatchie, MS",33784
28137,"Tate, MS",40134
28139,"Tippah, MS",42051
28141,"Tishomingo, MS",37593
28143,"Tunica, MS",40994
28145,"Union, MS",36387
28147,"Walthall, MS",34814
28149,"Warren, MS",44422
28151,"Washington, MS",43778
28153,"Wayne, MS",36967
28155,"Webster, MS",43060
28157,"Wilkinson, MS",34759
28159,"Winston, MS",38970
28161,"Yalobusha, MS",41336
28163,"Yazoo, MS",33672
29001,"Adair, MO",34867
29003,"Andrew, MO",48186
29005,"Atchison, MO",53958
29007,"Audrain, MO",42029
29009,"Barry, MO",37114
29011,"Barton, MO",42031
29013,"Bates, MO",44523
29015,"Benton, MO",40318
29017,"Bollinger, MO",36548
29019,"Boone, MO",51330
29021,"Buchanan, MO",42653
29023,"Butler, MO",40255
29025,"Caldwell, MO",41488
29027,"Callaway, MO",42524
29029,"Camden, MO",40778
29031,"Cape Girardeau, MO",47386
29033,"Carroll, MO",50990
29035,"Carter, MO",35898
29037,"Cass, MO",50654
29039,"Cedar, MO",34130
29041,"Chariton, MO",49650
29043,"Christian, MO",43602
29045,"Clark, MO",40825
29047,"Clay, MO",51619
29049,"Clinton, MO",46823
29051,"Cole, MO",51905
29053,"Cooper, MO",44486
29055,"Crawford, MO",38430
29057,"Dade, MO",38581
29059,"Dallas, MO",35840
29061,"Daviess, MO",37380
29063,"DeKalb, MO",36799
29065,"Dent, MO",36327
29067,"Douglas, MO",31031
29069,"Dunklin, MO",38821
29071,"Franklin, MO",48108
29073,"Gasconade, MO",43589
29075,"Gentry, MO",46483
29077,"Greene, MO",47388
29079,"Grundy, MO",39098
29081,"Harrison, MO",41238
29083,"Henry, MO",44780
29085,"Hickory, MO",31380
29087,"Holt, MO",56644
29089,"Howard, MO",43946
29091,"Howell, MO",37414
29093,"Iron, MO",36530
29095,"Jackson, MO",50209
29097,"Jasper, MO",42488
29099,"Jefferson, MO",46027
29101,"Johnson, MO",40207
29103,"Knox, MO",40933
29105,"Laclede, MO",38403
29107,"Lafayette, MO",45825
29109,"Lawrence, MO",36746
29111,"Lewis, MO",39481
29113,"Lincoln, MO",44032
29115,"Linn, MO",42456
29117,"Livingston, MO",43804
29119,"McDonald, MO",31941
29121,"Macon, MO",44785
29123,"Madison, MO",40312
29125,"Maries, MO",37638
29127,"Marion, MO",44121
29129,"Mercer, MO",35358
29131,"Miller, MO",39349
29133,"Mississippi, MO",37483
29135,"Moniteau, MO",41930
29137,"Monroe, MO",44528
29139,"Montgomery, MO",46688
29141,"Morgan, MO",42880
29143,"New Madrid, MO",41953
29145,"Newton, MO",41771
29147,"Nodaway, MO",36315
29149,"Oregon, MO",33166
29151,"Osage, MO",49250
29153,"Ozark, MO",33722
29155,"Pemiscot, MO",40931
29157,"Perry, MO",45002
29159,"Pettis, MO",40971
29161,"Phelps, MO",42030
29163,"Pike, MO",40471
29165,"Platte, MO",60698
29167,"Polk, MO",36944
29169,"Pulaski, MO",44732
29171,"Putnam, MO",39308
29173,"Ralls, MO",44688
29175,"Randolph, MO",42615
29177,"Ray, MO",46047
29179,"Reynolds, MO",38107
29181,"Ripley, MO",34297
29183,"St. Charles, MO",56879
29185,"St. Clair, MO",33058
29186,"Ste. Genevieve, MO",44925
29187,"St. Francois, MO",37377
29189,"St. Louis, MO",78804
29195,"Saline, MO",43076
29197,"Schuyler, MO",33550
29199,"Scotland, MO",41576
29201,"Scott, MO",44148
29203,"Shannon, MO",33071
29205,"Shelby, MO",45373
29207,"Stoddard, MO",41158
29209,"Stone, MO",41975
29211,"Sullivan, MO",44877
29213,"Taney, MO",38859
29215,"Texas, MO",32774
29217,"Vernon, MO",39496
29219,"Warren, MO",45011
29221,"Washington, MO",33148
29223,"Wayne, MO",34018
29225,"Webster, MO",35845
29227,"Worth, MO",41861
29229,"Wright, MO",35480
29510,"St. Louis (Independent City), MO",51041
30001,"Beaverhead, MT",52501
30003,"Big Horn, MT",35950
30005,"Blaine, MT",36301
30007,"Broadwater, MT",48786
30009,"Carbon, MT",56900
30011,"Carter, MT",53760
30013,"Cascade, MT",52226
30015,"Chouteau, MT",48627
30017,"Custer, MT",51268
30019,"Daniels, MT",64205
30021,"Dawson, MT",50972
30023,"Deer Lodge, MT",45039
30025,"Fallon, MT",54203
30027,"Fergus, MT",48900
30029,"Flathead, MT",52740
30031,"Gallatin, MT",63432
30033,"Garfield, MT",44812
30035,"Glacier, MT",41773
30037,"Golden Valley, MT",56481
30039,"Granite, MT",49242
30041,"Hill, MT",50018
30043,"Jefferson, MT",52770
30045,"Judith Basin, MT",56953
30047,"Lake, MT",44068
30049,"Lewis and Clark, MT",54040
30051,"Liberty, MT",51268
30053,"Lincoln, MT",41129
30055,"McCone, MT",48924
30057,"Madison, MT",57112
30059,"Meagher, MT",49730
30061,"Mineral, MT",43233
30063,"Missoula, MT",54353
30065,"Musselshell, MT",49756
30067,"Park, MT",55213
30069,"Petroleum, MT",41080
30071,"Phillips, MT",48341
30073,"Pondera, MT",56218
30075,"Powder River, MT",44756
30077,"Powell, MT",47024
30079,"Prairie, MT",57918
30081,"Ravalli, MT",49860
30083,"Richland, MT",63761
30085,"Roosevelt, MT",41531
30087,"Rosebud, MT",50566
30089,"Sanders, MT",41398
30091,"Sheridan, MT",61236
30093,"Silver Bow, MT",50672
30095,"Stillwater, MT",57382
30097,"Sweet Grass, MT",54287
30099,"Teton, MT",53172
30101,"Toole, MT",60089
30103,"Treasure, MT",66721
30105,"Valley, MT",54556
30107,"Wheatland, MT",42348
30109,"Wibaux, MT",48913
30111,"Yellowstone, MT",56588
31001,"Adams, NE",53232
31003,"Antelope, NE",69121
31005,"Arthur, NE",53618
31007,"Banner, NE",59097
31009,"Blaine, NE",70372
31011,"Boone, NE",69564
31013,"Box Butte, NE",53723
31015,"Boyd, NE",62078
31017,"Brown, NE",60280
31019,"Buffalo, NE",60230
31021,"Burt, NE",53602
31023,"Butler, NE",56101
31025,"Cass, NE",57220
31027,"Cedar, NE",58373
31029,"Chase, NE",68843
31031,"Cherry, NE",50817
31033,"Cheyenne, NE",50334
31035,"Clay, NE",57104
31037,"Colfax, NE",49977
31039,"Cuming, NE",71653
31041,"Custer, NE",54458
31043,"Dakota, NE",47062
31045,"Dawes, NE",43101
31047,"Dawson, NE",49096
31049,"Deuel, NE",43738
31051,"Dixon, NE",49974
31053,"Dodge, NE",52445
31055,"Douglas, NE",65737
31057,"Dundy, NE",86360
31059,"Fillmore, NE",63206
31061,"Franklin, NE",57959
31063,"Frontier, NE",46216
31065,"Furnas, NE",53727
31067,"Gage, NE",52843
31069,"Garden, NE",50671
31071,"Garfield, NE",47856
31073,"Gosper, NE",59049
31075,"Grant, NE",54922
31077,"Greeley, NE",56500
31079,"Hall, NE",47793
31081,"Hamilton, NE",61230
31083,"Harlan, NE",57828
31085,"Hayes, NE",79926
31087,"Hitchcock, NE",46667
31089,"Holt, NE",59853
31091,"Hooker, NE",54516
31093,"Howard, NE",50857
31095,"Jefferson, NE",53407
31097,"Johnson, NE",39498
31099,"Kearney, NE",61585
31101,"Keith, NE",51040
31103,"Keya Paha, NE",66705
31105,"Kimball, NE",50075
31107,"Knox, NE",53356
31109,"Lancaster, NE",52887
31111,"Lincoln, NE",54043
31113,"Logan, NE",58616
31115,"Loup, NE",61740
31117,"McPherson, NE",62907
31119,"Madison, NE",55104
31121,"Merrick, NE",50870
31123,"Morrill, NE",63120
31125,"Nance, NE",46091
31127,"Nemaha, NE",51548
31129,"Nuckolls, NE",59449
31131,"Otoe, NE",57873
31133,"Pawnee, NE",51436
31135,"Perkins, NE",71191
31137,"Phelps, NE",59324
31139,"Pierce, NE",62493
31141,"Platte, NE",52316
31143,"Polk, NE",57312
31145,"Red Willow, NE",52196
31147,"Richardson, NE",54773
31149,"Rock, NE",72590
31151,"Saline, NE",47785
31153,"Sarpy, NE",55173
31155,"Saunders, NE",56892
31157,"Scotts Bluff, NE",49048
31159,"Seward, NE",56220
31161,"Sheridan, NE",56597
31163,"Sherman, NE",50461
31165,"Sioux, NE",64440
31167,"Stanton, NE",52621
31169,"Thayer, NE",60659
31171,"Thomas, NE",57805
31173,"Thurston, NE",45789
31175,"Valley, NE",59867
31177,"Washington, NE",60738
31179,"Wayne, NE",49143
31181,"Webster, NE",53815
31183,"Wheeler, NE",70710
31185,"York, NE",56457
32001,"Churchill, NV",50081
32003,"Clark, NV",51244
32005,"Douglas, NV",78416
32007,"Elko, NV",50429
32009,"Esmeralda, NV",42962
32011,"Eureka, NV",46792
32013,"Humboldt, NV",51772
32015,"Lander, NV",72931
32017,"Lincoln, NV",43357
32019,"Lyon, NV",44098
32021,"Mineral, NV",48982
32023,"Nye, NV",41367
32027,"Pershing, NV",37906
32029,"Storey, NV",65971
32031,"Washoe, NV",66076
32033,"White Pine, NV",50653
32510,"Carson City (Independent City), NV",56510
33001,"Belknap, NH",66919
33003,"Carroll, NH",63403
33005,"Cheshire, NH",56088
33007,"Coos, NH",49564
33009,"Grafton, NH",67943
33011,"Hillsborough, NH",66548
33013,"Merrimack, NH",63839
33015,"Rockingham, NH",80220
33017,"Strafford, NH",56104
33019,"Sullivan, NH",57602
34001,"Atlantic, NJ",55802
34003,"Bergen, NJ",91972
34005,"Burlington, NJ",67154
34007,"Camden, NJ",58830
34009,"Cape May, NJ",67836
34011,"Cumberland, NJ",45498
34013,"Essex, NJ",70497
34015,"Gloucester, NJ",60386
34017,"Hudson, NJ",71682
34019,"Hunterdon, NJ",95088
34021,"Mercer, NJ",74218
34023,"Middlesex, NJ",66640
34025,"Monmouth, NJ",86091
34027,"Morris, NJ",102227
34029,"Ocean, NJ",57344
34031,"Passaic, NJ",55775
34033,"Salem, NJ",54578
34035,"Somerset, NJ",112825
34037,"Sussex, NJ",67814
34039,"Union, NJ",72543
34041,"Warren, NJ",60525
35001,"Bernalillo, NM",48683
35003,"Catron, NM",36171
35005,"Chaves, NM",43615
35006,"Cibola, NM*",32755
35007,"Colfax, NM",45610
35009,"Curry, NM",48894
35011,"De Baca, NM",56603
35013,"Do√±a Ana, NM",40218
35015,"Eddy, NM",62356
35017,"Grant, NM",45561
35019,"Guadalupe, NM",39140
35021,"Harding, NM",50723
35023,"Hidalgo, NM",48166
35025,"Lea, NM",47215
35027,"Lincoln, NM",44732
35028,"Los Alamos, NM",76142
35029,"Luna, NM",38022
35031,"McKinley, NM",32804
35033,"Mora, NM",45300
35035,"Otero, NM",38779
35037,"Quay, NM",44691
35039,"Rio Arriba, NM",40771
35041,"Roosevelt, NM",46999
35043,"Sandoval, NM",47257
35045,"San Juan, NM",38370
35047,"San Miguel, NM",40675
35049,"Santa Fe, NM",63004
35051,"Sierra, NM",47388
35053,"Socorro, NM",39055
35055,"Taos, NM",42965
35057,"Torrance, NM",37276
35059,"Union, NM",41932
35061,"Valencia, NM*",38918
36001,"Albany, NY",66632
36003,"Allegany, NY",40840
36005,"Bronx, NY",43919
36007,"Broome, NY",49314
36009,"Cattaraugus, NY",45200
36011,"Cayuga, NY",48585
36013,"Chautauqua, NY",45357
36015,"Chemung, NY",49439
36017,"Chenango, NY",47842
36019,"Clinton, NY",48292
36021,"Columbia, NY",60859
36023,"Cortland, NY",45776
36025,"Delaware, NY",45822
36027,"Dutchess, NY",62319
36029,"Erie, NY",56748
36031,"Essex, NY",50824
36033,"Franklin, NY",42525
36035,"Fulton, NY",48957
36037,"Genesee, NY",49468
36039,"Greene, NY",52484
36041,"Hamilton, NY",60014
36043,"Herkimer, NY",47266
36045,"Jefferson, NY",53964
36047,"Kings, NY",59468
36049,"Lewis, NY",51992
36051,"Livingston, NY",49382
36053,"Madison, NY",49137
36055,"Monroe, NY",58299
36057,"Montgomery, NY",46332
36059,"Nassau, NY",96253
36061,"New York, NY",191220
36063,"Niagara, NY",51506
36065,"Oneida, NY",50201
36067,"Onondaga, NY",58919
36069,"Ontario, NY",59335
36071,"Orange, NY",57688
36073,"Orleans, NY",44477
36075,"Oswego, NY",46210
36077,"Otsego, NY",49275
36079,"Putnam, NY",73152
36081,"Queens, NY",57085
36083,"Rensselaer, NY",54748
36085,"Richmond, NY",62558
36087,"Rockland, NY",66350
36089,"St. Lawrence, NY",43034
36091,"Saratoga, NY",77398
36093,"Schenectady, NY",58210
36095,"Schoharie, NY",46469
36097,"Schuyler, NY",46971
36099,"Seneca, NY",44065
36101,"Steuben, NY",50331
36103,"Suffolk, NY",76713
36105,"Sullivan, NY",52249
36107,"Tioga, NY",50990
36109,"Tompkins, NY",49486
36111,"Ulster, NY",56071
36113,"Warren, NY",59509
36115,"Washington, NY",46305
36117,"Wayne, NY",51282
36119,"Westchester, NY",115386
36121,"Wyoming, NY",47331
36123,"Yates, NY",45258
37001,"Alamance, NC",43973
37003,"Alexander, NC",40176
37005,"Alleghany, NC",40599
37007,"Anson, NC",38785
37009,"Ashe, NC",39612
37011,"Avery, NC",39437
37013,"Beaufort, NC",46363
37015,"Bertie, NC",40351
37017,"Bladen, NC",39264
37019,"Brunswick, NC",46829
37021,"Buncombe, NC",53309
37023,"Burke, NC",38946
37025,"Cabarrus, NC",49679
37027,"Caldwell, NC",38894
37029,"Camden, NC",48642
37031,"Carteret, NC",53276
37033,"Caswell, NC",39265
37035,"Catawba, NC",49193
37037,"Chatham, NC",66766
37039,"Cherokee, NC",36620
37041,"Chowan, NC",45388
37043,"Clay, NC",37625
37045,"Cleveland, NC",41616
37047,"Columbus, NC",37112
37049,"Craven, NC",48832
37051,"Cumberland, NC",42992
37053,"Currituck, NC",49152
37055,"Dare, NC",59240
37057,"Davidson, NC",43348
37059,"Davie, NC",52153
37061,"Duplin, NC",37872
37063,"Durham, NC",54056
37065,"Edgecombe, NC",39394
37067,"Forsyth, NC",51323
37069,"Franklin, NC",39490
37071,"Gaston, NC",44103
37073,"Gates, NC",41571
37075,"Graham, NC",37943
37077,"Granville, NC",42807
37079,"Greene, NC",34811
37081,"Guilford, NC",49856
37083,"Halifax, NC",39680
37085,"Harnett, NC",38280
37087,"Haywood, NC",43754
37089,"Henderson, NC",47385
37091,"Hertford, NC",36216
37093,"Hoke, NC",35411
37095,"Hyde, NC",42832
37097,"Iredell, NC",56201
37099,"Jackson, NC",38341
37101,"Johnston, NC",44087
37103,"Jones, NC",43254
37105,"Lee, NC",44870
37107,"Lenoir, NC",44361
37109,"Lincoln, NC",50216
37111,"McDowell, NC",37858
37113,"Macon, NC",44564
37115,"Madison, NC",38148
37117,"Martin, NC",38301
37119,"Mecklenburg, NC",65244
37121,"Mitchell, NC",39476
37123,"Montgomery, NC",39353
37125,"Moore, NC",54514
37127,"Nash, NC",45890
37129,"New Hanover, NC",50780
37131,"Northampton, NC",38402
37133,"Onslow, NC",43122
37135,"Orange, NC",67089
37137,"Pamlico, NC",45994
37139,"Pasquotank, NC",42529
37141,"Pender, NC",41292
37143,"Perquimans, NC",44402
37145,"Person, NC",41581
37147,"Pitt, NC",45169
37149,"Polk, NC",48125
37151,"Randolph, NC",41231
37153,"Richmond, NC",38554
37155,"Robeson, NC",33062
37157,"Rockingham, NC",40672
37159,"Rowan, NC",43724
37161,"Rutherford, NC",36714
37163,"Sampson, NC",38165
37165,"Scotland, NC",36247
37167,"Stanly, NC",42613
37169,"Stokes, NC",41186
37171,"Surry, NC",42133
37173,"Swain, NC",44213
37175,"Transylvania, NC",44747
37177,"Tyrrell, NC",37638
37179,"Union, NC",56820
37181,"Vance, NC",37774
37183,"Wake, NC",65450
37185,"Warren, NC",33779
37187,"Washington, NC",39912
37189,"Watauga, NC",40157
37191,"Wayne, NC",42882
37193,"Wilkes, NC",39518
37195,"Wilson, NC",43111
37197,"Yadkin, NC",41250
37199,"Yancey, NC",40422
38001,"Adams, ND",59255
38003,"Barnes, ND",64242
38005,"Benson, ND",45003
38007,"Billings, ND",82466
38009,"Bottineau, ND",68631
38011,"Bowman, ND",68963
38013,"Burke, ND",77237
38015,"Burleigh, ND",62801
38017,"Cass, ND",61899
38019,"Cavalier, ND",88702
38021,"Dickey, ND",71888
38023,"Divide, ND",62052
38025,"Dunn, ND",68491
38027,"Eddy, ND",74844
38029,"Emmons, ND",64430
38031,"Foster, ND",76313
38033,"Golden Valley, ND",46435
38035,"Grand Forks, ND",57659
38037,"Grant, ND",57761
38039,"Griggs, ND",73753
38041,"Hettinger, ND",59519
38043,"Kidder, ND",64918
38045,"LaMoure, ND",70351
38047,"Logan, ND",59859
38049,"McHenry, ND",59320
38051,"McIntosh, ND",70812
38053,"McKenzie, ND",64035
38055,"McLean, ND",66025
38057,"Mercer, ND",60497
38059,"Morton, ND",57708
38061,"Mountrail, ND",64982
38063,"Nelson, ND",75907
38065,"Oliver, ND",52076
38067,"Pembina, ND",72827
38069,"Pierce, ND",57159
38071,"Ramsey, ND",57250
38073,"Ransom, ND",65153
38075,"Renville, ND",80431
38077,"Richland, ND",54465
38079,"Rolette, ND",41884
38081,"Sargent, ND",67215
38083,"Sheridan, ND",58958
38085,"Sioux, ND",33675
38087,"Slope, ND",60039
38089,"Stark, ND",63650
38091,"Steele, ND",84674
38093,"Stutsman, ND",62694
38095,"Towner, ND",87632
38097,"Traill, ND",64096
38099,"Walsh, ND",63790
38101,"Ward, ND",57492
38103,"Wells, ND",79403
38105,"Williams, ND",64850
39001,"Adams, OH",39658
39003,"Allen, OH",46500
39005,"Ashland, OH",43041
39007,"Ashtabula, OH",43597
39009,"Athens, OH",36642
39011,"Auglaize, OH",52330
39013,"Belmont, OH",43354
39015,"Brown, OH",42275
39017,"Butler, OH",52598
39019,"Carroll, OH",44624
39021,"Champaign, OH",46605
39023,"Clark, OH",45363
39025,"Clermont, OH",60535
39027,"Clinton, OH",48542
39029,"Columbiana, OH",42771
39031,"Coshocton, OH",39640
39033,"Crawford, OH",43918
39035,"Cuyahoga, OH",59923
39037,"Darke, OH",48088
39039,"Defiance, OH",45385
39041,"Delaware, OH",79382
39043,"Erie, OH",56732
39045,"Fairfield, OH",51153
39047,"Fayette, OH",46261
39049,"Franklin, OH",55294
39051,"Fulton, OH",50349
39053,"Gallia, OH",43932
39055,"Geauga, OH",73958
39057,"Greene, OH",54645
39059,"Guernsey, OH",45218
39061,"Hamilton, OH",65035
39063,"Hancock, OH",54386
39065,"Hardin, OH",36506
39067,"Harrison, OH",42014
39069,"Henry, OH",50752
39071,"Highland, OH",41094
39073,"Hocking, OH",42337
39075,"Holmes, OH",48118
39077,"Huron, OH",45844
39079,"Jackson, OH",40663
39081,"Jefferson, OH",44375
39083,"Knox, OH",47964
39085,"Lake, OH",56085
39087,"Lawrence, OH",42905
39089,"Licking, OH",50810
39091,"Logan, OH",48471
39093,"Lorain, OH",51157
39095,"Lucas, OH",51024
39097,"Madison, OH",46679
39099,"Mahoning, OH",47729
39101,"Marion, OH",41449
39103,"Medina, OH",60514
39105,"Meigs, OH",39644
39107,"Mercer, OH",54527
39109,"Miami, OH",52469
39111,"Monroe, OH",41242
39113,"Montgomery, OH",51618
39115,"Morgan, OH",38583
39117,"Morrow, OH",44282
39119,"Muskingum, OH",46070
39121,"Noble, OH",30397
39123,"Ottawa, OH",57446
39125,"Paulding, OH",46097
39127,"Perry, OH",41913
39129,"Pickaway, OH",46033
39131,"Pike, OH",42774
39133,"Portage, OH",48285
39135,"Preble, OH",45016
39137,"Putnam, OH",54646
39139,"Richland, OH",43928
39141,"Ross, OH",42348
39143,"Sandusky, OH",46113
39145,"Scioto, OH",43820
39147,"Seneca, OH",44993
39149,"Shelby, OH",49956
39151,"Stark, OH",49592
39153,"Summit, OH",56821
39155,"Trumbull, OH",45142
39157,"Tuscarawas, OH",47937
39159,"Union, OH",64147
39161,"Van Wert, OH",47339
39163,"Vinton, OH",38881
39165,"Warren, OH",65855
39167,"Washington, OH",47365
39169,"Wayne, OH",49901
39171,"Williams, OH",46040
39173,"Wood, OH",51147
39175,"Wyandot, OH",50573
40001,"Adair, OK",32724
40003,"Alfalfa, OK",43043
40005,"Atoka, OK",34758
40007,"Beaver, OK",57190
40009,"Beckham, OK",41041
40011,"Blaine, OK",44435
40013,"Bryan, OK",37561
40015,"Caddo, OK",39673
40017,"Canadian, OK",48267
40019,"Carter, OK",45874
40021,"Cherokee, OK",35764
40023,"Choctaw, OK",35627
40025,"Cimarron, OK",68446
40027,"Cleveland, OK",48042
40029,"Coal, OK",38938
40031,"Comanche, OK",45432
40033,"Cotton, OK",47794
40035,"Craig, OK",41477
40037,"Creek, OK",44706
40039,"Custer, OK",43373
40041,"Delaware, OK",35435
40043,"Dewey, OK",51656
40045,"Ellis, OK",55592
40047,"Garfield, OK",46702
40049,"Garvin, OK",42189
40051,"Grady, OK",43506
40053,"Grant, OK",53075
40055,"Greer, OK",32547
40057,"Harmon, OK",45688
40059,"Harper, OK",50223
40061,"Haskell, OK",33617
40063,"Hughes, OK",43758
40065,"Jackson, OK",46426
40067,"Jefferson, OK",37467
40069,"Johnston, OK",38971
40071,"Kay, OK",44718
40073,"Kingfisher, OK",58591
40075,"Kiowa, OK",40736
40077,"Latimer, OK",35756
40079,"Le Flore, OK",35362
40081,"Lincoln, OK",39164
40083,"Logan, OK",46102
40085,"Love, OK",40353
40087,"McClain, OK",49683
40089,"McCurtain, OK",35511
40091,"McIntosh, OK",38217
40093,"Major, OK",45667
40095,"Marshall, OK",36800
40097,"Mayes, OK",39149
40099,"Murray, OK",45419
40101,"Muskogee, OK",39894
40103,"Noble, OK",47378
40105,"Nowata, OK",39961
40107,"Okfuskee, OK",33520
40109,"Oklahoma, OK",56971
40111,"Okmulgee, OK",37367
40113,"Osage, OK",38588
40115,"Ottawa, OK",40876
40117,"Pawnee, OK",39491
40119,"Payne, OK",40487
40121,"Pittsburg, OK",40786
40123,"Pontotoc, OK",47748
40125,"Pottawatomie, OK",40043
40127,"Pushmataha, OK",35650
40129,"Roger Mills, OK",46054
40131,"Rogers, OK",50583
40133,"Seminole, OK",37463
40135,"Sequoyah, OK",36537
40137,"Stephens, OK",46027
40139,"Texas, OK",55434
40141,"Tillman, OK",38316
40143,"Tulsa, OK",65519
40145,"Wagoner, OK",43111
40147,"Washington, OK",58010
40149,"Washita, OK",38017
40151,"Woods, OK",47226
40153,"Woodward, OK",40710
41001,"Baker, OR",46277
41003,"Benton, OR",50399
41005,"Clackamas, OR",64791
41007,"Clatsop, OR",48777
41009,"Columbia, OR",48749
41011,"Coos, OR",50581
41013,"Crook, OR",46179
41015,"Curry, OR",48046
41017,"Deschutes, OR",61216
41019,"Douglas, OR",46342
41021,"Gilliam, OR",67754
41023,"Grant, OR",47569
41025,"Harney, OR",47009
41027,"Hood River, OR",60225
41029,"Jackson, OR",51824
41031,"Jefferson, OR",39552
41033,"Josephine, OR",46913
41035,"Klamath, OR",44513
41037,"Lake, OR",47402
41039,"Lane, OR",49583
41041,"Lincoln, OR",47231
41043,"Linn, OR",48040
41045,"Malheur, OR",37964
41047,"Marion, OR",48135
41049,"Morrow, OR",58541
41051,"Multnomah, OR",63852
41053,"Polk, OR",45660
41055,"Sherman, OR",66349
41057,"Tillamook, OR",48060
41059,"Umatilla, OR",46209
41061,"Union, OR",45242
41063,"Wallowa, OR",50303
41065,"Wasco, OR",48643
41067,"Washington, OR",66831
41069,"Wheeler, OR",41366
41071,"Yamhill, OR",51028
42001,"Adams, PA",54172
42003,"Allegheny, PA",68777
42005,"Armstrong, PA",51200
42007,"Beaver, PA",55449
42009,"Bedford, PA",46246
42011,"Berks, PA",55953
42013,"Blair, PA",52096
42015,"Bradford, PA",45979
42017,"Bucks, PA",80627
42019,"Butler, PA",64732
42021,"Cambria, PA",48637
42023,"Cameron, PA",53654
42025,"Carbon, PA",56868
42027,"Centre, PA",50615
42029,"Chester, PA",91927
42031,"Clarion, PA",45427
42033,"Clearfield, PA",50648
42035,"Clinton, PA",46338
42037,"Columbia, PA",47464
42039,"Crawford, PA",46356
42041,"Cumberland, PA",61596
42043,"Dauphin, PA",56792
42045,"Delaware, PA",73588
42047,"Elk, PA",53592
42049,"Erie, PA",50536
42051,"Fayette, PA",48007
42053,"Forest, PA",28271
42055,"Franklin, PA",51979
42057,"Fulton, PA",48976
42059,"Greene, PA",49103
42061,"Huntingdon, PA",43555
42063,"Indiana, PA",44472
42065,"Jefferson, PA",48971
42067,"Juniata, PA",50257
42069,"Lackawanna, PA",52580
42071,"Lancaster, PA",58434
42073,"Lawrence, PA",49059
42075,"Lebanon, PA",52743
42077,"Lehigh, PA",58402
42079,"Luzerne, PA",50391
42081,"Lycoming, PA",48721
42083,"McKean, PA",47361
42085,"Mercer, PA",47063
42087,"Mifflin, PA",44242
42089,"Monroe, PA",48409
42091,"Montgomery, PA",86340
42093,"Montour, PA",62658
42095,"Northampton, PA",60179
42097,"Northumberland, PA",47336
42099,"Perry, PA",50095
42101,"Philadelphia, PA",58941
42103,"Pike, PA",53289
42105,"Potter, PA",47910
42107,"Schuylkill, PA",47425
42109,"Snyder, PA",47000
42111,"Somerset, PA",47035
42113,"Sullivan, PA",51266
42115,"Susquehanna, PA",49114
42117,"Tioga, PA",45319
42119,"Union, PA",45235
42121,"Venango, PA",47125
42123,"Warren, PA",46793
42125,"Washington, PA",62473
42127,"Wayne, PA",49172
42129,"Westmoreland, PA",57951
42131,"Wyoming, PA",50959
42133,"York, PA",55761
44001,"Bristol, RI",83127
44003,"Kent, RI",65299
44005,"Newport, RI",76214
44007,"Providence, RI",53844
44009,"Washington, RI",71717
45001,"Abbeville, SC",38033
45003,"Aiken, SC",47118
45005,"Allendale, SC",38991
45007,"Anderson, SC",43459
45009,"Bamberg, SC",37596
45011,"Barnwell, SC",38682
45013,"Beaufort, SC",61298
45015,"Berkeley, SC",44134
45017,"Calhoun, SC",44655
45019,"Charleston, SC",66656
45021,"Cherokee, SC",36567
45023,"Chester, SC",38931
45025,"Chesterfield, SC",34477
45027,"Clarendon, SC",38001
45029,"Colleton, SC",40336
45031,"Darlington, SC",41928
45033,"Dillon, SC",33030
45035,"Dorchester, SC",42662
45037,"Edgefield, SC",41178
45039,"Fairfield, SC",41827
45041,"Florence, SC",46749
45043,"Georgetown, SC",51775
45045,"Greenville, SC",52213
45047,"Greenwood, SC",40786
45049,"Hampton, SC",39185
45051,"Horry, SC",42110
45053,"Jasper, SC",34446
45055,"Kershaw, SC",45782
45057,"Lancaster, SC",52999
45059,"Laurens, SC",38108
45061,"Lee, SC",36638
45063,"Lexington, SC",50188
45065,"McCormick, SC",42422
45067,"Marion, SC",36606
45069,"Marlboro, SC",35748
45071,"Newberry, SC",41910
45073,"Oconee, SC",47511
45075,"Orangeburg, SC",38730
45077,"Pickens, SC",41770
45079,"Richland, SC",49678
45081,"Saluda, SC",37637
45083,"Spartanburg, SC",46543
45085,"Sumter, SC",43003
45087,"Union, SC",37515
45089,"Williamsburg, SC",38528
45091,"York, SC",51772
46003,"Aurora, SD",50586
46005,"Beadle, SD",54493
46007,"Bennett, SD",41856
46009,"Bon Homme, SD",43555
46011,"Brookings, SD",49278
46013,"Brown, SD",62587
46015,"Brule, SD",54352
46017,"Buffalo, SD",26748
46019,"Butte, SD",41250
46021,"Campbell, SD",71645
46023,"Charles Mix, SD",47405
46025,"Clark, SD",70492
46027,"Clay, SD",43533
46029,"Codington, SD",55331
46031,"Corson, SD",31442
46033,"Custer, SD",53169
46035,"Davison, SD",55832
46037,"Day, SD",64064
46039,"Deuel, SD",62036
46041,"Dewey, SD",45889
46043,"Douglas, SD",62134
46045,"Edmunds, SD",67747
46047,"Fall River, SD",51509
46049,"Faulk, SD",67007
46051,"Grant, SD",65019
46053,"Gregory, SD",50244
46055,"Haakon, SD",66588
46057,"Hamlin, SD",51773
46059,"Hand, SD",69452
46061,"Hanson, SD",72728
46063,"Harding, SD",50355
46065,"Hughes, SD",55872
46067,"Hutchinson, SD",59341
46069,"Hyde, SD",64756
46071,"Jackson, SD",30705
46073,"Jerauld, SD",49991
46075,"Jones, SD",59264
46077,"Kingsbury, SD",70268
46079,"Lake, SD",57367
46081,"Lawrence, SD",55779
46083,"Lincoln, SD",74493
46085,"Lyman, SD",46934
46087,"McCook, SD",60576
46089,"McPherson, SD",60086
46091,"Marshall, SD",65540
46093,"Meade, SD",49875
46095,"Mellette, SD",33840
46097,"Miner, SD",65604
46099,"Minnehaha, SD",64846
46101,"Moody, SD",60754
46102,"Oglala Lakota, SD*",29721
46103,"Pennington, SD",56496
46105,"Perkins, SD",48591
46107,"Potter, SD",87915
46109,"Roberts, SD",46059
46111,"Sanborn, SD",61709
46115,"Spink, SD",71321
46117,"Stanley, SD",60870
46119,"Sully, SD",100301
46121,"Todd, SD",28440
46123,"Tripp, SD",56765
46125,"Turner, SD",69250
46127,"Union, SD",123000
46129,"Walworth, SD",54033
46135,"Yankton, SD",55638
46137,"Ziebach, SD",26103
47001,"Anderson, TN",46225
47003,"Bedford, TN",41795
47005,"Benton, TN",36438
47007,"Bledsoe, TN",29572
47009,"Blount, TN",48601
47011,"Bradley, TN",42546
47013,"Campbell, TN",37229
47015,"Cannon, TN",39178
47017,"Carroll, TN",38461
47019,"Carter, TN",36431
47021,"Cheatham, TN",48180
47023,"Chester, TN",38107
47025,"Claiborne, TN",38347
47027,"Clay, TN",34456
47029,"Cocke, TN",36279
47031,"Coffee, TN",42990
47033,"Crockett, TN",42410
47035,"Cumberland, TN",40087
47037,"Davidson, TN",71659
47039,"Decatur, TN",44401
47041,"DeKalb, TN",42229
47043,"Dickson, TN",44476
47045,"Dyer, TN",44761
47047,"Fayette, TN",59214
47049,"Fentress, TN",36398
47051,"Franklin, TN",42890
47053,"Gibson, TN",41846
47055,"Giles, TN",41074
47057,"Grainger, TN",37480
47059,"Greene, TN",39310
47061,"Grundy, TN",36129
47063,"Hamblen, TN",40627
47065,"Hamilton, TN",55911
47067,"Hancock, TN",31243
47069,"Hardeman, TN",33036
47071,"Hardin, TN",43171
47073,"Hawkins, TN",37460
47075,"Haywood, TN",37669
47077,"Henderson, TN",39940
47079,"Henry, TN",44075
47081,"Hickman, TN",36316
47083,"Houston, TN",36777
47085,"Humphreys, TN",41569
47087,"Jackson, TN",34645
47089,"Jefferson, TN",40493
47091,"Johnson, TN",35745
47093,"Knox, TN",54642
47095,"Lake, TN",25921
47097,"Lauderdale, TN",35267
47099,"Lawrence, TN",37918
47101,"Lewis, TN",38830
47103,"Lincoln, TN",45271
47105,"Loudon, TN",53519
47107,"McMinn, TN",39986
47109,"McNairy, TN",35687
47111,"Macon, TN",35472
47113,"Madison, TN",46574
47115,"Marion, TN",42471
47117,"Marshall, TN",42427
47119,"Maury, TN",47100
47121,"Meigs, TN",37539
47123,"Monroe, TN",37822
47125,"Montgomery, TN",45871
47127,"Moore, TN",44085
47129,"Morgan, TN",33373
47131,"Obion, TN",45152
47133,"Overton, TN",37105
47135,"Perry, TN",37130
47137,"Pickett, TN",40804
47139,"Polk, TN",36639
47141,"Putnam, TN",42722
47143,"Rhea, TN",38408
47145,"Roane, TN",44706
47147,"Robertson, TN",46746
47149,"Rutherford, TN",45374
47151,"Scott, TN",33425
47153,"Sequatchie, TN",42009
47155,"Sevier, TN",44209
47157,"Shelby, TN",53855
47159,"Smith, TN",42452
47161,"Stewart, TN",44108
47163,"Sullivan, TN",45789
47165,"Sumner, TN",52403
47167,"Tipton, TN",43147
47169,"Trousdale, TN",32960
47171,"Unicoi, TN",39357
47173,"Union, TN",35370
47175,"Van Buren, TN",34084
47177,"Warren, TN",37857
47179,"Washington, TN",47940
47181,"Wayne, TN",32631
47183,"Weakley, TN",41159
47185,"White, TN",36062
47187,"Williamson, TN",94748
47189,"Wilson, TN",53628
48001,"Anderson, TX",38807
48003,"Andrews, TX",50248
48005,"Angelina, TX",42536
48007,"Aransas, TX",54374
48009,"Archer, TX",55290
48011,"Armstrong, TX",60233
48013,"Atascosa, TX",41599
48015,"Austin, TX",55686
48017,"Bailey, TX",49737
48019,"Bandera, TX",48461
48021,"Bastrop, TX",42177
48023,"Baylor, TX",53984
48025,"Bee, TX",31834
48027,"Bell, TX",46594
48029,"Bexar, TX",48569
48031,"Blanco, TX",58805
48033,"Borden, TX",66783
48035,"Bosque, TX",45635
48037,"Bowie, TX",44151
48039,"Brazoria, TX",51812
48041,"Brazos, TX",43430
48043,"Brewster, TX",52483
48045,"Briscoe, TX",45758
48047,"Brooks, TX",41529
48049,"Brown, TX",42771
48051,"Burleson, TX",49975
48053,"Burnet, TX",53751
48055,"Caldwell, TX",38734
48057,"Calhoun, TX",52180
48059,"Callahan, TX",45798
48061,"Cameron, TX",33690
48063,"Camp, TX",40272
48065,"Carson, TX",48021
48067,"Cass, TX",41275
48069,"Castro, TX",71612
48071,"Chambers, TX",59687
48073,"Cherokee, TX",38190
48075,"Childress, TX",34028
48077,"Clay, TX",48038
48079,"Cochran, TX",44903
48081,"Coke, TX",45856
48083,"Coleman, TX",47128
48085,"Collin, TX",71246
48087,"Collingsworth, TX",44903
48089,"Colorado, TX",51732
48091,"Comal, TX",62994
48093,"Comanche, TX",47959
48095,"Concho, TX",41219
48097,"Cooke, TX",54759
48099,"Coryell, TX",38222
48101,"Cottle, TX",68268
48103,"Crane, TX",49749
48105,"Crockett, TX",46364
48107,"Crosby, TX",41146
48109,"Culberson, TX",69350
48111,"Dallam, TX",65132
48113,"Dallas, TX",65401
48115,"Dawson, TX",42595
48117,"Deaf Smith, TX",54950
48119,"Delta, TX",43628
48121,"Denton, TX",63283
48123,"DeWitt, TX",60890
48125,"Dickens, TX",38730
48127,"Dimmit, TX",44874
48129,"Donley, TX",45336
48131,"Duval, TX",42410
48133,"Eastland, TX",65416
48135,"Ector, TX",49887
48137,"Edwards, TX",55329
48139,"Ellis, TX",49333
48141,"El Paso, TX",41818
48143,"Erath, TX",43900
48145,"Falls, TX",39865
48147,"Fannin, TX",42562
48149,"Fayette, TX",57962
48151,"Fisher, TX",49100
48153,"Floyd, TX",42627
48155,"Foard, TX",52630
48157,"Fort Bend, TX",61791
48159,"Franklin, TX",44725
48161,"Freestone, TX",40407
48163,"Frio, TX",33407
48165,"Gaines, TX",47826
48167,"Galveston, TX",57941
48169,"Garza, TX",31223
48171,"Gillespie, TX",68885
48173,"Glasscock, TX",87334
48175,"Goliad, TX",49513
48177,"Gonzales, TX",47272
48179,"Gray, TX",45091
48181,"Grayson, TX",47045
48183,"Gregg, TX",49152
48185,"Grimes, TX",39033
48187,"Guadalupe, TX",49405
48189,"Hale, TX",38674
48191,"Hall, TX",35416
48193,"Hamilton, TX",65685
48195,"Hansford, TX",66588
48197,"Hardeman, TX",45863
48199,"Hardin, TX",49159
48201,"Harris, TX",60183
48203,"Harrison, TX",45396
48205,"Hartley, TX",76005
48207,"Haskell, TX",46070
48209,"Hays, TX",50212
48211,"Hemphill, TX",61340
48213,"Henderson, TX",43356
48215,"Hidalgo, TX",31153
48217,"Hill, TX",44776
48219,"Hockley, TX",46051
48221,"Hood, TX",55132
48223,"Hopkins, TX",45219
48225,"Houston, TX",44693
48227,"Howard, TX",45105
48229,"Hudspeth, TX",26835
48231,"Hunt, TX",42819
48233,"Hutchinson, TX",46860
48235,"Irion, TX",72353
48237,"Jack, TX",41038
48239,"Jackson, TX",47642
48241,"Jasper, TX",43486
48243,"Jeff Davis, TX",48623
48245,"Jefferson, TX",46547
48247,"Jim Hogg, TX",36847
48249,"Jim Wells, TX",46483
48251,"Johnson, TX",47654
48253,"Jones, TX",35520
48255,"Karnes, TX",61330
48257,"Kaufman, TX",47580
48259,"Kendall, TX",84853
48261,"Kenedy, TX",46296
48263,"Kent, TX",51139
48265,"Kerr, TX",56093
48267,"Kimble, TX",48071
48269,"King, TX",81541
48271,"Kinney, TX",35119
48273,"Kleberg, TX",43560
48275,"Knox, TX",42857
48277,"Lamar, TX",46538
48279,"Lamb, TX",50667
48281,"Lampasas, TX",54153
48283,"La Salle, TX",41114
48285,"Lavaca, TX",57399
48287,"Lee, TX",53791
48289,"Leon, TX",42878
48291,"Liberty, TX",40904
48293,"Limestone, TX",41072
48295,"Lipscomb, TX",83655
48297,"Live Oak, TX",38734
48299,"Llano, TX",52538
48301,"Loving, TX",49072
48303,"Lubbock, TX",46502
48305,"Lynn, TX",40351
48307,"McCulloch, TX",41306
48309,"McLennan, TX",45772
48311,"McMullen, TX",73356
48313,"Madison, TX",35865
48315,"Marion, TX",42536
48317,"Martin, TX",64602
48319,"Mason, TX",49261
48321,"Matagorda, TX",48150
48323,"Maverick, TX",35133
48325,"Medina, TX",44456
48327,"Menard, TX",41220
48329,"Midland, TX",126631
48331,"Milam, TX",40552
48333,"Mills, TX",45663
48335,"Mitchell, TX",37113
48337,"Montague, TX",44790
48339,"Montgomery, TX",65516
48341,"Moore, TX",51476
48343,"Morris, TX",43036
48345,"Motley, TX",39505
48347,"Nacogdoches, TX",41188
48349,"Navarro, TX",42869
48351,"Newton, TX",36839
48353,"Nolan, TX",48017
48355,"Nueces, TX",47999
48357,"Ochiltree, TX",59892
48359,"Oldham, TX",56033
48361,"Orange, TX",48173
48363,"Palo Pinto, TX",45095
48365,"Panola, TX",47191
48367,"Parker, TX",59929
48369,"Parmer, TX",57137
48371,"Pecos, TX",40391
48373,"Polk, TX",42830
48375,"Potter, TX",49498
48377,"Presidio, TX",53222
48379,"Rains, TX",38200
48381,"Randall, TX",52391
48383,"Reagan, TX",54091
48385,"Real, TX",40667
48387,"Red River, TX",47762
48389,"Reeves, TX",44232
48391,"Refugio, TX",48266
48393,"Roberts, TX",52804
48395,"Robertson, TX",45866
48397,"Rockwall, TX",64943
48399,"Runnels, TX",44352
48401,"Rusk, TX",39551
48403,"Sabine, TX",40477
48405,"San Augustine, TX",43642
48407,"San Jacinto, TX",39298
48409,"San Patricio, TX",48391
48411,"San Saba, TX",40340
48413,"Schleicher, TX",46015
48415,"Scurry, TX",47272
48417,"Shackelford, TX",86294
48419,"Shelby, TX",44038
48421,"Sherman, TX",91855
48423,"Smith, TX",57076
48425,"Somervell, TX",50164
48427,"Starr, TX",32146
48429,"Stephens, TX",45759
48431,"Sterling, TX",63329
48433,"Stonewall, TX",59419
48435,"Sutton, TX",56622
48437,"Swisher, TX",53734
48439,"Tarrant, TX",55615
48441,"Taylor, TX",52429
48443,"Terrell, TX",61631
48445,"Terry, TX",41634
48447,"Throckmorton, TX",44582
48449,"Titus, TX",41207
48451,"Tom Green, TX",52947
48453,"Travis, TX",74032
48455,"Trinity, TX",39206
48457,"Tyler, TX",36694
48459,"Upshur, TX",39674
48461,"Upton, TX",50428
48463,"Uvalde, TX",45255
48465,"Val Verde, TX",41079
48467,"Van Zandt, TX",42656
48469,"Victoria, TX",53881
48471,"Walker, TX",32334
48473,"Waller, TX",44779
48475,"Ward, TX",48109
48477,"Washington, TX",58426
48479,"Webb, TX",35626
48481,"Wharton, TX",48384
48483,"Wheeler, TX",48691
48485,"Wichita, TX",46322
48487,"Wilbarger, TX",49537
48489,"Willacy, TX",31710
48491,"Williamson, TX",56693
48493,"Wilson, TX",49745
48495,"Winkler, TX",62259
48497,"Wise, TX",48435
48499,"Wood, TX",42978
48501,"Yoakum, TX",44395
48503,"Young, TX",53227
48505,"Zapata, TX",28981
48507,"Zavala, TX",33303
49001,"Beaver, UT",41667
49003,"Box Elder, UT",44131
49005,"Cache, UT",44947
49007,"Carbon, UT",42459
49009,"Daggett, UT",48761
49011,"Davis, UT",51852
49013,"Duchesne, UT",40780
49015,"Emery, UT",38057
49017,"Garfield, UT",44411
49019,"Grand, UT",60928
49021,"Iron, UT",36412
49023,"Juab, UT",42531
49025,"Kane, UT",45074
49027,"Millard, UT",41843
49029,"Morgan, UT",58631
49031,"Piute, UT",48595
49033,"Rich, UT",42762
49035,"Salt Lake, UT",59077
49037,"San Juan, UT",30198
49039,"Sanpete, UT",32927
49041,"Sevier, UT",39383
49043,"Summit, UT",156537
49045,"Tooele, UT",41301
49047,"Uintah, UT",32945
49049,"Utah, UT",46465
49051,"Wasatch, UT",61653
49053,"Washington, UT",43782
49055,"Wayne, UT",46145
49057,"Weber, UT",46675
50001,"Addison, VT",55981
50003,"Bennington, VT",59131
50005,"Caledonia, VT",48094
50007,"Chittenden, VT",64605
50009,"Essex, VT",44173
50011,"Franklin, VT",52181
50013,"Grand Isle, VT",64231
50015,"Lamoille, VT",59635
50017,"Orange, VT",53146
50019,"Orleans, VT",49998
50021,"Rutland, VT",57283
50023,"Washington, VT",64997
50025,"Windham, VT",56610
50027,"Windsor, VT",63786
51001,"Accomack, VA",53762
51007,"Amelia, VA",46780
51009,"Amherst, VA",40293
51011,"Appomattox, VA",41750
51013,"Arlington, VA",100823
51017,"Bath, VA",70050
51019,"Bedford, VA*",49457
51021,"Bland, VA",39609
51023,"Botetourt, VA",53767
51025,"Brunswick, VA",36499
51027,"Buchanan, VA",38969
51029,"Buckingham, VA",33425
51033,"Caroline, VA",46682
51036,"Charles City, VA",51498
51037,"Charlotte, VA",38547
51041,"Chesterfield, VA",58069
51043,"Clarke, VA",69117
51045,"Craig, VA",41988
51047,"Culpeper, VA",50509
51049,"Cumberland, VA",41225
51051,"Dickenson, VA",37046
51057,"Essex, VA",46657
51061,"Fauquier, VA",74801
51063,"Floyd, VA",42304
51065,"Fluvanna, VA",48440
51067,"Franklin, VA",44821
51071,"Giles, VA",43561
51073,"Gloucester, VA",53341
51075,"Goochland, VA",105619
51077,"Grayson, VA",35093
51079,"Greene, VA",48573
51083,"Halifax, VA",40542
51085,"Hanover, VA",64704
51087,"Henrico, VA",69872
51091,"Highland, VA",46315
51093,"Isle of Wight, VA",59285
51097,"King and Queen, VA",48888
51099,"King George, VA",57377
51101,"King William, VA",50951
51103,"Lancaster, VA",63885
51105,"Lee, VA",33056
51107,"Loudoun, VA",84374
51109,"Louisa, VA",46040
51111,"Lunenburg, VA",35793
51113,"Madison, VA",51608
51115,"Mathews, VA",59026
51117,"Mecklenburg, VA",40693
51119,"Middlesex, VA",55466
51125,"Nelson, VA",55869
51127,"New Kent, VA",77957
51131,"Northampton, VA",62614
51133,"Northumberland, VA",57093
51135,"Nottoway, VA",38594
51137,"Orange, VA",53217
51139,"Page, VA",42307
51141,"Patrick, VA",36426
51145,"Powhatan, VA",61547
51147,"Prince Edward, VA",33868
51155,"Pulaski, VA",43583
51157,"Rappahannock, VA",70807
51159,"Richmond, VA",40791
51167,"Russell, VA",36423
51169,"Scott, VA",35882
51171,"Shenandoah, VA",49948
51173,"Smyth, VA",40220
51179,"Stafford, VA",58635
51181,"Surry, VA",47927
51183,"Sussex, VA",35062
51185,"Tazewell, VA",39795
51187,"Warren, VA",50504
51193,"Westmoreland, VA",48577
51197,"Wythe, VA",39116
51510,"Alexandria (Independent City), VA",93835
51550,"Chesapeake (Independent City), VA",53622
51650,"Hampton (Independent City), VA",46165
51700,"Newport News (Independent City), VA",45781
51710,"Norfolk (Independent City), VA",42996
51740,"Portsmouth (Independent City), VA",44871
51760,"Richmond (Independent City), VA",59148
51770,"Roanoke (Independent City), VA",46727
51800,"Suffolk (Independent City), VA",55561
51810,"Virginia Beach (Independent City), VA",60796
51901,"Albemarle + Charlottesville, VA*",77606
51903,"Alleghany + Covington, VA*",43230
51907,"Augusta, Staunton + Waynesboro, VA*",47794
51911,"Campbell + Lynchburg, VA*",41030
51913,"Carroll + Galax, VA*",38908
51918,"Dinwiddie, Colonial Heights + Petersburg, VA*",44938
51919,"Fairfax, Fairfax City + Falls Church, VA*",88971
51921,"Frederick + Winchester, VA*",54832
51923,"Greensville + Emporia, VA*",36450
51929,"Henry + Martinsville, VA*",43380
51931,"James City + Williamsburg, VA*",68279
51933,"Montgomery + Radford, VA*",39442
51939,"Pittsylvania + Danville, VA*",42121
51941,"Prince George + Hopewell, VA*",41732
51942,"Prince William, Manassas + Manassas Park, VA*",59812
51944,"Roanoke + Salem, VA*",54977
51945,"Rockbridge, Buena Vista + Lexington, VA*",43534
51947,"Rockingham + Harrisonburg, VA*",43232
51949,"Southampton + Franklin, VA*",46909
51951,"Spotsylvania + Fredericksburg, VA*",55077
51953,"Washington + Bristol, VA*",42796
51955,"Wise + Norton, VA*",35929
51958,"York + Poquoson, VA*",62645
53001,"Adams, WA",49618
53003,"Asotin, WA",49273
53005,"Benton, WA",51757
53007,"Chelan, WA",60518
53009,"Clallam, WA",49718
53011,"Clark, WA",57863
53013,"Columbia, WA",57249
53015,"Cowlitz, WA",48232
53017,"Douglas, WA",45305
53019,"Ferry, WA",39899
53021,"Franklin, WA",43271
53023,"Garfield, WA",57967
53025,"Grant, WA",48468
53027,"Grays Harbor, WA",43710
53029,"Island, WA",59200
53031,"Jefferson, WA",56585
53033,"King, WA",96647
53035,"Kitsap, WA",60704
53037,"Kittitas, WA",45267
53039,"Klickitat, WA",51973
53041,"Lewis, WA",47752
53043,"Lincoln, WA",50851
53045,"Mason, WA",45901
53047,"Okanogan, WA",47535
53049,"Pacific, WA",43749
53051,"Pend Oreille, WA",46571
53053,"Pierce, WA",56532
53055,"San Juan, WA",81858
53057,"Skagit, WA",57315
53059,"Skamania, WA",49519
53061,"Snohomish, WA",62267
53063,"Spokane, WA",50038
53065,"Stevens, WA",42740
53067,"Thurston, WA",56007
53069,"Wahkiakum, WA",47027
53071,"Walla Walla, WA",51767
53073,"Whatcom, WA",52787
53075,"Whitman, WA",44628
53077,"Yakima, WA",49099
54001,"Barbour, WV",35878
54003,"Berkeley, WV",45610
54005,"Boone, WV",39493
54007,"Braxton, WV",34972
54009,"Brooke, WV",49579
54011,"Cabell, WV",46805
54013,"Calhoun, WV",34734
54015,"Clay, WV",35702
54017,"Doddridge, WV",32085
54019,"Fayette, WV",38680
54021,"Gilmer, WV",31020
54023,"Grant, WV",40571
54025,"Greenbrier, WV",40759
54027,"Hampshire, WV",39802
54029,"Hancock, WV",47007
54031,"Hardy, WV",38269
54033,"Harrison, WV",52124
54035,"Jackson, WV",41622
54037,"Jefferson, WV",54836
54039,"Kanawha, WV",52969
54041,"Lewis, WV",43634
54043,"Lincoln, WV",35309
54045,"Logan, WV",41110
54047,"McDowell, WV",34918
54049,"Marion, WV",45684
54051,"Marshall, WV",44092
54053,"Mason, WV",37641
54055,"Mercer, WV",41372
54057,"Mineral, WV",45193
54059,"Mingo, WV",35115
54061,"Monongalia, WV",48802
54063,"Monroe, WV",35005
54065,"Morgan, WV",39311
54067,"Nicholas, WV",37492
54069,"Ohio, WV",61452
54071,"Pendleton, WV",40054
54073,"Pleasants, WV",46074
54075,"Pocahontas, WV",43810
54077,"Preston, WV",40563
54079,"Putnam, WV",50363
54081,"Raleigh, WV",45356
54083,"Randolph, WV",41194
54085,"Ritchie, WV",42068
54087,"Roane, WV",40224
54089,"Summers, WV",37181
54091,"Taylor, WV",43460
54093,"Tucker, WV",47175
54095,"Tyler, WV",41195
54097,"Upshur, WV",37337
54099,"Wayne, WV",37566
54101,"Webster, WV",33320
54103,"Wetzel, WV",38428
54105,"Wirt, WV",35205
54107,"Wood, WV",48566
54109,"Wyoming, WV",33534
55001,"Adams, WI",44159
55003,"Ashland, WI",44520
55005,"Barron, WI",53179
55007,"Bayfield, WI",53369
55009,"Brown, WI",56093
55011,"Buffalo, WI",50518
55013,"Burnett, WI",48574
55015,"Calumet, WI",55460
55017,"Chippewa, WI",50639
55019,"Clark, WI",46154
55021,"Columbia, WI",56134
55023,"Crawford, WI",46113
55025,"Dane, WI",66094
55027,"Dodge, WI",48547
55029,"Door, WI",66516
55031,"Douglas, WI",45962
55033,"Dunn, WI",44626
55035,"Eau Claire, WI",52141
55037,"Florence, WI",56604
55039,"Fond du Lac, WI",52813
55041,"Forest, WI",44657
55043,"Grant, WI",49410
55045,"Green, WI",56620
55047,"Green Lake, WI",47898
55049,"Iowa, WI",53603
55051,"Iron, WI",53164
55053,"Jackson, WI",49528
55055,"Jefferson, WI",49591
55057,"Juneau, WI",42620
55059,"Kenosha, WI",51229
55061,"Kewaunee, WI",52638
55063,"La Crosse, WI",54532
55065,"Lafayette, WI",48891
55067,"Langlade, WI",48036
55069,"Lincoln, WI",50216
55071,"Manitowoc, WI",50829
55073,"Marathon, WI",55136
55075,"Marinette, WI",49557
55077,"Marquette, WI",45391
55078,"Menominee, WI*",35082
55079,"Milwaukee, WI",51002
55081,"Monroe, WI",45741
55083,"Oconto, WI",50060
55085,"Oneida, WI",54861
55087,"Outagamie, WI",54862
55089,"Ozaukee, WI",87395
55091,"Pepin, WI",54316
55093,"Pierce, WI",48775
55095,"Polk, WI",50730
55097,"Portage, WI",49815
55099,"Price, WI",49837
55101,"Racine, WI",53094
55103,"Richland, WI",48516
55105,"Rock, WI",48836
55107,"Rusk, WI",48292
55109,"St. Croix, WI",59602
55111,"Sauk, WI",55166
55113,"Sawyer, WI",50276
55115,"Shawano, WI*",47067
55117,"Sheboygan, WI",55616
55119,"Taylor, WI",46070
55121,"Trempealeau, WI",48324
55123,"Vernon, WI",44976
55125,"Vilas, WI",55140
55127,"Walworth, WI",53546
55129,"Washburn, WI",52457
55131,"Washington, WI",62506
55133,"Waukesha, WI",75958
55135,"Waupaca, WI",49711
55137,"Waushara, WI",44594
55139,"Winnebago, WI",50840
55141,"Wood, WI",50929
55901,"Shawano (includes Menominee), WI*",(NA)
56001,"Albany, WY",43148
56003,"Big Horn, WY",43939
56005,"Campbell, WY",53932
56007,"Carbon, WY",59028
56009,"Converse, WY",64373
56011,"Crook, WY",47752
56013,"Fremont, WY",48350
56015,"Goshen, WY",44562
56017,"Hot Springs, WY",67005
56019,"Johnson, WY",56748
56021,"Laramie, WY",55094
56023,"Lincoln, WY",48449
56025,"Natrona, WY",68447
56027,"Niobrara, WY",55291
56029,"Park, WY",59827
56031,"Platte, WY",52359
56033,"Sheridan, WY",61543
56035,"Sublette, WY",54496
56037,"Sweetwater, WY",54000
56039,"Teton, WY",220645
56041,"Uinta, WY",42854
56043,"Washakie, WY",54361
56045,"Weston, WY",47599
,,
Legend/Footnotes,,
2/ Per capita personal income was computed using Census Bureau midyear population estimates. Estimates for 2010-2020 reflect county population estimates available as of March 2021. These estimates are based on the 2010 census. BEA will incorporate Census Bureau midyear population estimates based on the 2020 census results when they become available.,,
* Estimates for 1979 forward reflect Alaska Census Areas as defined by the Census Bureau; those for prior years reflect Alaska Census Divisions as defined in the 1970 Decennial Census.,,
* Estimates from 1988 forward separate Aleutian Islands Census Area (02010) into Aleutians East Borough (02013) and Aleutians West Census Area (02016).,,
* Estimates for 1991 forward separate Denali Borough (02068) from Yukon-Koyukuk Census Area (02290) and Lake and Peninsula Borough (02164) from Dillingham Census Area (02070).,,
"* Estimates from 1993 forward separate Skagway-Yakutat-Angoon Census Area (02231) into Skagway-Hoonah-Angoon Census Area (02232) and Yakutat City and Borough (02282). Estimates from 2008 forward separate Skagway-Hoonah-Angoon Census Area (02232) into Skagway Municipality (02230) and Hoonah-Angoon Census Area (02105). Estimates from 2009 forward separate Wrangell-Petersburg Census Area (02280) into Petersburg Census Area and Wrangell City and Borough (02275). In addition, a part of the Prince of Wales-Outer Ketchikan Census Area (02201) was annexed by Ketchikan Gateway Borough (02130) and part (Meyers Chuck Area) was included in the new Wrangell City and Borough (02275). The remainder of the Prince of Wales-Outer Ketchikan Census Area (02201) was renamed Prince of Wales-Hyder Census Area (02198). Petersburg Borough (02195) was created from part of former Petersburg Census Area and part of Hoonah-Angoon Census Area (02105) for 2013 forward. Prince of Wales-Hyder Census Area (02198) added part of the former Petersburg Census Area beginning in 2013. For years 2009-2012, Petersburg Borough (02195) reflects the geographic boundaries of the former Petersburg Census Area.",,
"* Wade Hampton Census Area was renamed Kusilvak Census Area (02158) on July 1, 2015.",,
"* On January 2, 2019, two new county equivalents were created from the former Valdez-Cordova Census Area, Alaska (02261): Chugach Census Area (02063) and Copper River Census Area (02066). Estimates for 2020 forward reflect these changes.",,
"* La Paz County, AZ was separated from Yuma County on January 1, 1983. The Yuma, AZ MSA contains the area that became La Paz County, AZ through 1982 and excludes it beginning with 1983.",,
"* Broomfield County, CO, was created from parts of Adams, Boulder, Jefferson, and Weld counties effective November 15, 2001. Estimates for Broomfield county begin with 2002.",,
"* Kalawao County, Hawaii is combined with Maui County. Separate estimates for the jurisdictions making up the combination areas are not available.",,
"* Cibola, NM was separated from Valencia in June 1981, but in these estimates, Valencia includes Cibola through the end of 1981.",,
"* Shannon County, SD was renamed to Oglala Lakota County, SD on May 1, 2015.",,
"* Virginia combination areas consist of one or two independent cities with 1980 populations of less than 100,000 combined with an adjacent county. The county name appears first, followed by the city name(s). Separate estimates for the jurisdictions making up the combination area are not available. Bedford County, VA includes the independent city of Bedford for all years.",,
"* Shawano, WI and Menominee, WI are combined as Shawano (incl. Menominee), WI for the years prior to 1989.",,
"  Metropolitan Areas are defined (geographically delineated) by the Office of Management and Budget (OMB) bulletin no. 20-01 issued March 6, 2020.",,
Note. All dollar estimates are in thousands of current dollars (not adjusted for inflation). Statistics presented in thousands of dollars do not indicate more precision than statistics presented in millions of dollars.,,
(NA) Not available.,,
"  Last updated: November 16, 2021-- new statistics for 2020; revised statistics for 1998-2019.",,
