STATE,COUNTY,COUNTYFIPS,POPULATION
AK,HAINES,2100,10
AK,ANCHORAGE,2020,2706
AK,MATANUSKA-SUSITNA,2170,510
AK,KENAI PENINSULA,2122,346
AK,FAIRBANKS NORTH STAR,2090,317
AK,SITKA,2220,66
AK,KETCHIKAN GATEWAY,2130,63
AK,JUNEAU,2110,373
AK,BETHEL,2050,20
AK,NORTH SLOPE,2185,18
AK,YUKON-KOYUKUK,2290,18
AK,PETERSBURG,2195,523
AK,VALDEZ-CORDOVA,2261,10
AK,KODIAK ISLAND,2150,35
AK,NORTHWEST ARCTIC,2188,10
AK,DILLINGHAM,2070,4
AK,NOME,2180,10
AL,SHELBY,1117,9430
AL,TALLADEGA,1121,536
AL,ETOWAH,1055,1166
AL,JEFFERSON,1073,31005
AL,CHAMBERS,1017,668
AL,AUTAUGA,1001,331
AL,MADISON,1089,12472
AL,TUSCALOOSA,1125,1587
AL,WINSTON,1133,436
AL,BLOUNT,1009,1550
AL,BUTLER,1013,8539
AL,PERRY,1105,1823
AL,MONTGOMERY,1101,35107
AL,LAUDERDALE,1077,1896
AL,TALLAPOOSA,1123,717
AL,MOBILE,1097,2884
AL,CLAY,1027,6802
AL,DEKALB,1049,5630
AL,LOWNDES,1085,874
AL,RANDOLPH,1111,3557
AL,LIMESTONE,1083,920
AL,WILCOX,1131,298
AL,HALE,1065,438
AL,CHILTON,1021,233
AL,WALKER,1127,1501
AL,BALDWIN,1003,2769
AL,GENEVA,1061,252
AL,JACKSON,1071,14148
AL,HOUSTON,1069,2237
AL,MACON,1087,3004
AL,HENRY,1067,3585
AL,ELMORE,1051,564
AL,MORGAN,1103,3271
AL,COVINGTON,1039,694
AL,ST. CLAIR,1115,4021
AL,PICKENS,1107,1634
AL,CALHOUN,1015,2296
AL,SUMTER,1119,3386
AL,LEE,1081,10974
AL,FRANKLIN,1059,20018
AL,CULLMAN,1043,794
AL,WASHINGTON,1129,21671
AL,DALLAS,1047,20780
AL,COFFEE,1031,1262
AL,FAYETTE,1057,6796
AL,BARBOUR,1005,349
AL,COLBERT,1033,443
AL,DALE,1045,303
AL,ESCAMBIA,1053,3863
AL,MARSHALL,1095,3101
AL,CLARKE,1025,1461
AL,CLEBURNE,1029,485
AL,RUSSELL,1113,718
AL,MARION,1093,13390
AL,COOSA,1037,72
AL,CHEROKEE,1019,4506
AL,PIKE,1109,2265
AL,CRENSHAW,1041,167
AL,BULLOCK,1011,123
AL,MARENGO,1091,197
AL,MONROE,1099,12874
AL,LAWRENCE,1079,3613
AL,CONECUH,1035,61
AL,BIBB,1007,1682
AL,CHOCTAW,1023,417
AL,GREENE,1063,8124
AL,LAMAR,1075,1225
AR,ST. FRANCIS,5123,233
AR,PULASKI,5119,4765
AR,HOT SPRING,5059,402
AR,JEFFERSON,5069,31005
AR,MILLER,5091,1019
AR,MARION,5089,13390
AR,BAXTER,5005,674
AR,BENTON,5007,4974
AR,FAULKNER,5045,766
AR,CRITTENDEN,5035,489
AR,SALINE,5125,2675
AR,GRANT,5053,2554
AR,CARROLL,5015,5350
AR,FULTON,5049,8788
AR,PRAIRIE,5117,168
AR,GARLAND,5051,1336
AR,LOGAN,5083,1982
AR,WASHINGTON,5143,21671
AR,LEE,5077,10974
AR,LONOKE,5085,766
AR,CRAIGHEAD,5031,1095
AR,SEBASTIAN,5131,1470
AR,LAFAYETTE,5073,1344
AR,VAN BUREN,5141,375
AR,YELL,5149,343
AR,INDEPENDENCE,5063,477
AR,WHITE,5145,1656
AR,JOHNSON,5071,10467
AR,UNION,5139,8754
AR,HEMPSTEAD,5057,320
AR,PIKE,5109,2265
AR,PHILLIPS,5107,351
AR,OUACHITA,5103,421
AR,CRAWFORD,5033,3782
AR,BOONE,5009,4219
AR,MONTGOMERY,5097,35107
AR,MISSISSIPPI,5093,655
AR,RANDOLPH,5121,3557
AR,CHICOT,5017,212
AR,CLEBURNE,5023,485
AR,DALLAS,5039,20780
AR,SHARP,5135,195
AR,CROSS,5037,237
AR,CLARK,5019,17062
AR,POPE,5115,690
AR,MADISON,5087,12472
AR,POLK,5113,15155
AR,COLUMBIA,5027,5110
AR,SEVIER,5133,761
AR,LITTLE RIVER,5081,186
AR,CLAY,5021,6802
AR,BRADLEY,5011,958
AR,JACKSON,5067,14148
AR,HOWARD,5061,4023
AR,POINSETT,5111,307
AR,WOODRUFF,5147,135
AR,SEARCY,5129,78
AR,SCOTT,5127,4749
AR,IZARD,5065,234
AR,LAWRENCE,5075,3613
AR,GREENE,5055,8124
AR,NEVADA,5099,1095
AR,ASHLEY,5003,191
AR,CONWAY,5029,206
AR,FRANKLIN,5047,20018
AR,DREW,5043,287
AR,PERRY,5105,1823
AR,MONROE,5095,12874
AR,ARKANSAS,5001,296
AR,LINCOLN,5079,5311
AR,STONE,5137,235
AR,CLEVELAND,5025,3224
AR,DESHA,5041,0
AR,NEWTON,5101,1705
AZ,MARICOPA,4013,38436
AZ,YAVAPAI,4025,2407
AZ,PINAL,4021,1112
AZ,YUMA,4027,1381
AZ,PIMA,4019,10264
AZ,GILA,4007,617
AZ,NAVAJO,4017,525
AZ,APACHE,4001,70
AZ,MOHAVE,4015,1665
AZ,COCONINO,4005,449
AZ,COCHISE,4003,625
AZ,GRAHAM,4009,261
AZ,SANTA CRUZ,4023,1549
CA,SAN FRANCISCO,6075,5114
CA,SAN LUIS OBISPO,6079,1701
CA,SAN DIEGO,6073,23167
CA,ALAMEDA,6001,11774
CA,PLACER,6061,3003
CA,TULARE,6107,2485
CA,CONTRA COSTA,6013,6245
CA,SOLANO,6095,2830
CA,VENTURA,6111,5646
CA,LOS ANGELES,6037,62915
CA,ORANGE,6059,32001
CA,SAN JOAQUIN,6077,4696
CA,SAN BERNARDINO,6071,8937
CA,MONTEREY,6053,2255
CA,FRESNO,6019,6047
CA,SACRAMENTO,6067,8755
CA,MARIN,6041,2554
CA,RIVERSIDE,6065,10855
CA,BUTTE,6007,2069
CA,CALAVERAS,6009,173
CA,MADERA,6039,651
CA,SONOMA,6097,3951
CA,SANTA CLARA,6085,11952
CA,GLENN,6021,150
CA,DEL NORTE,6015,162
CA,NAPA,6055,1455
CA,YOLO,6113,1314
CA,IMPERIAL,6025,456
CA,SAN MATEO,6081,5384
CA,SANTA CRUZ,6087,1549
CA,KINGS,6031,14220
CA,STANISLAUS,6099,3742
CA,KERN,6029,3175
CA,HUMBOLDT,6023,1106
CA,SHASTA,6089,1846
CA,LASSEN,6035,172
CA,YUBA,6115,238
CA,SAN BENITO,6069,155
CA,TUOLUMNE,6109,388
CA,AMADOR,6005,395
CA,SUTTER,6101,899
CA,MERCED,6047,1068
CA,SANTA BARBARA,6083,3300
CA,SISKIYOU,6093,156
CA,NEVADA,6057,1095
CA,EL DORADO,6017,965
CA,MENDOCINO,6045,347
CA,PLUMAS,6063,43
CA,INYO,6027,208
CA,LAKE,6033,15875
CA,TEHAMA,6103,236
CA,TRINITY,6105,264
CA,SIERRA,6091,268
CA,MODOC,6049,93
CA,COLUSA,6011,105
CA,MARIPOSA,6043,36
CO,ARAPAHOE,8005,5639
CO,JEFFERSON,8059,31005
CO,YUMA,8125,1381
CO,DOUGLAS,8035,11843
CO,WELD,8123,1789
CO,EL PASO,8041,8410
CO,LARIMER,8069,2789
CO,DENVER,8031,5642
CO,TELLER,8119,163
CO,LOGAN,8075,1982
CO,FREMONT,8043,1101
CO,ADAMS,8001,7152
CO,GARFIELD,8045,1274
CO,CONEJOS,8021,60
CO,ALAMOSA,8003,215
CO,PUEBLO,8101,2105
CO,ROUTT,8107,200
CO,BOULDER,8013,2760
CO,ARCHULETA,8007,76
CO,MESA,8077,1730
CO,KIT CARSON,8063,92
CO,EAGLE,8037,74
CO,CHAFFEE,8015,112
CO,MOFFAT,8081,58
CO,MONTROSE,8085,454
CO,OTERO,8089,474
CO,DELTA,8029,444
CO,LA PLATA,8067,283
CO,RIO GRANDE,8105,216
CO,ELBERT,8039,241
CO,WASHINGTON,8121,21671
CO,CHEYENNE,8017,178
CO,LINCOLN,8073,5311
CO,MONTEZUMA,8083,304
CO,MORGAN,8087,3271
CO,RIO BLANCO,8103,50
CO,KIOWA,8061,225
CO,LAS ANIMAS,8071,147
CO,CUSTER,8027,989
CO,BENT,8011,72
CO,GUNNISON,8051,65
CO,PROWERS,8099,129
CO,HUERFANO,8055,120
CO,CROWLEY,8025,37
CO,BACA,8009,106
CO,PHILLIPS,8095,351
CO,SEDGWICK,8115,3782
CO,BROOMFIELD,8014,427
CO,GRAND,8049,64
CO,PITKIN,8097,15
CT,NEW LONDON,9011,0
CT,HARTFORD,9003,0
CT,NEW HAVEN,9009,0
CT,TOLLAND,9013,0
CT,MIDDLESEX,9007,9665
CT,WINDHAM,9015,363
CT,FAIRFIELD,9001,2263
CT,LITCHFIELD,9005,0
DC,DISTRICT OF COLUMBIA,11001,2570
DE,SUSSEX,10005,3340
DE,NEW CASTLE,10003,4264
DE,KENT,10001,4553
FL,MIAMI-DADE,12086,18212
FL,ESCAMBIA,12033,3863
FL,MARION,12083,13390
FL,PALM BEACH,12099,14605
FL,PINELLAS,12103,15953
FL,OSCEOLA,12097,2382
FL,HILLSBOROUGH,12057,13939
FL,CHARLOTTE,12015,2665
FL,LAKE,12069,15875
FL,BROWARD,12011,13619
FL,ST. JOHNS,12109,1906
FL,VOLUSIA,12127,7414
FL,DUVAL,12031,8803
FL,MANATEE,12081,4198
FL,SARASOTA,12115,8322
FL,ST. LUCIE,12111,2423
FL,SEMINOLE,12117,4582
FL,COLLIER,12021,3755
FL,ORANGE,12095,32001
FL,BREVARD,12009,6529
FL,PASCO,12101,5247
FL,MARTIN,12085,3037
FL,LEE,12071,10974
FL,INDIAN RIVER,12061,1934
FL,LIBERTY,12077,702
FL,HIGHLANDS,12055,1553
FL,HERNANDO,12053,1965
FL,POLK,12105,15155
FL,HOLMES,12059,1008
FL,JACKSON,12063,14148
FL,CITRUS,12017,2356
FL,PUTNAM,12107,3369
FL,LEON,12073,2408
FL,HARDEE,12049,162
FL,OKALOOSA,12091,1649
FL,BAY,12005,1583
FL,COLUMBIA,12023,5110
FL,ALACHUA,12001,1767
FL,NASSAU,12089,12548
FL,BAKER,12003,318
FL,SANTA ROSA,12113,1259
FL,CLAY,12019,6802
FL,FLAGLER,12035,906
FL,HENDRY,12051,248
FL,WALTON,12131,987
FL,MADISON,12079,12472
FL,MONROE,12087,12874
FL,JEFFERSON,12065,31005
FL,CALHOUN,12013,2296
FL,BRADFORD,12007,718
FL,HAMILTON,12047,18734
FL,LEVY,12075,120
FL,WASHINGTON,12133,21671
FL,GILCHRIST,12041,201
FL,SUMTER,12119,3386
FL,LAFAYETTE,12067,1344
FL,DESOTO,12027,549
FL,GULF,12045,152
FL,FRANKLIN,12037,20018
FL,GADSDEN,12039,191
FL,TAYLOR,12123,2616
FL,SUWANNEE,12121,510
FL,OKEECHOBEE,12093,217
FL,WAKULLA,12129,120
FL,DIXIE,12029,60
GA,FORSYTH,13117,4981
GA,DEKALB,13089,5630
GA,DOUGLAS,13097,11843
GA,CHEROKEE,13057,4506
GA,WHITFIELD,13313,527
GA,FULTON,13121,8788
GA,CHATHAM,13051,3031
GA,COLQUITT,13071,387
GA,MUSCOGEE,13215,1599
GA,CATOOSA,13047,330
GA,HOUSTON,13153,2237
GA,RICHMOND,13245,8857
GA,PAULDING,13223,679
GA,HALL,13139,2383
GA,GWINNETT,13135,2732
GA,HENRY,13151,3585
GA,CAMDEN,13039,5167
GA,COLUMBIA,13073,5110
GA,TROUP,13285,450
GA,CARROLL,13045,5350
GA,CLAYTON,13063,1336
GA,BIBB,13021,1682
GA,COBB,13067,3839
GA,PUTNAM,13237,3369
GA,GORDON,13129,288
GA,FLOYD,13115,2073
GA,GLYNN,13127,736
GA,BRYAN,13029,537
GA,FRANKLIN,13119,20018
GA,TOWNS,13281,160
GA,TOOMBS,13279,347
GA,LUMPKIN,13187,306
GA,DAWSON,13085,772
GA,BERRIEN,13019,160
GA,SUMTER,13261,3386
GA,WARE,13299,442
GA,COWETA,13077,684
GA,CLINCH,13065,92
GA,BRANTLEY,13025,63
GA,MADISON,13195,12472
GA,CRISP,13081,287
GA,TERRELL,13273,74
GA,EARLY,13099,117
GA,DODGE,13091,2785
GA,EFFINGHAM,13103,699
GA,EMANUEL,13107,262
GA,OCONEE,13219,950
GA,POLK,13233,15155
GA,BALDWIN,13009,2769
GA,APPLING,13001,101
GA,DADE,13083,344
GA,LAURENS,13175,1336
GA,BULLOCH,13031,374
GA,MURRAY,13213,405
GA,WILCOX,13315,298
GA,JOHNSON,13167,10467
GA,HABERSHAM,13137,270
GA,SEMINOLE,13253,4582
GA,WASHINGTON,13303,21671
GA,WALTON,13297,987
GA,HARALSON,13143,302
GA,COFFEE,13069,1262
GA,FAYETTE,13113,6796
GA,RANDOLPH,13243,3557
GA,SCREVEN,13251,128
GA,WORTH,13321,354
GA,HANCOCK,13141,3496
GA,TATTNALL,13267,252
GA,THOMAS,13275,447
GA,MCDUFFIE,13189,150
GA,TAYLOR,13269,2616
GA,BARTOW,13015,391
GA,CLARKE,13059,1461
GA,TREUTLEN,13283,50
GA,MITCHELL,13205,1001
GA,MERIWETHER,13199,192
GA,WARREN,13301,9465
GA,UNION,13291,8754
GA,JEFFERSON,13163,31005
GA,CANDLER,13043,298
GA,DOUGHERTY,13095,478
GA,ROCKDALE,13247,415
GA,BUTTS,13035,196
GA,PICKENS,13227,1634
GA,BARROW,13013,227
GA,LIBERTY,13179,702
GA,NEWTON,13217,1705
GA,UPSON,13293,302
GA,MONROE,13207,12874
GA,BACON,13005,88
GA,BURKE,13033,1122
GA,BROOKS,13027,426
GA,TIFT,13277,313
GA,WAYNE,13305,5272
GA,SPALDING,13255,350
GA,CALHOUN,13037,2296
GA,EVANS,13109,87
GA,CLAY,13061,6802
GA,PEACH,13225,75
GA,CHARLTON,13049,92
GA,WHITE,13311,1656
GA,STEWART,13259,173
GA,GLASCOCK,13125,104
GA,GILMER,13123,265
GA,WHEELER,13309,195
GA,LAMAR,13171,1225
GA,JACKSON,13157,14148
GA,GREENE,13133,8124
GA,ELBERT,13105,241
GA,BEN HILL,13017,245
GA,HART,13147,367
GA,JONES,13169,1200
GA,MORGAN,13211,3271
GA,JEFF DAVIS,13161,73
GA,TWIGGS,13289,131
GA,MARION,13197,13390
GA,LEE,13177,10974
GA,TELFAIR,13271,219
GA,DECATUR,13087,652
GA,MACON,13193,3004
GA,MILLER,13201,1019
GA,RABUN,13241,117
GA,WALKER,13295,1501
GA,HARRIS,13145,22213
GA,CHATTOOGA,13055,151
GA,IRWIN,13155,113
GA,PIERCE,13229,7070
GA,DOOLY,13093,102
GA,PULASKI,13235,4765
GA,GRADY,13131,443
GA,TURNER,13287,258
GA,JENKINS,13165,100
GA,FANNIN,13111,849
GA,LOWNDES,13185,874
GA,HEARD,13149,78
GA,STEPHENS,13257,981
GA,WILKINSON,13319,152
GA,WILKES,13317,645
GA,OGLETHORPE,13221,61
GA,JASPER,13159,2488
GA,CRAWFORD,13079,3782
GA,LONG,13183,108
GA,BLECKLEY,13023,141
GA,LANIER,13173,62
GA,COOK,13075,42723
GA,BANKS,13011,40
HI,HONOLULU,15003,4412
HI,MAUI,15009,593
HI,HAWAII,15001,1014
HI,KAUAI,15007,433
IA,SHELBY,19165,9430
IA,SIOUX,19167,548
IA,POLK,19153,15155
IA,DUBUQUE,19061,1784
IA,JASPER,19099,2488
IA,DALLAS,19049,20780
IA,FAYETTE,19065,6796
IA,HAMILTON,19079,18734
IA,HANCOCK,19081,3496
IA,CERRO GORDO,19033,966
IA,MARSHALL,19127,3101
IA,MITCHELL,19131,1001
IA,LINN,19113,4467
IA,PAGE,19145,671
IA,IOWA,19095,694
IA,CLAYTON,19043,1336
IA,CEDAR,19031,850
IA,CHEROKEE,19035,4506
IA,HARRISON,19085,3435
IA,SCOTT,19163,4749
IA,JACKSON,19097,14148
IA,KOSSUTH,19109,380
IA,WEBSTER,19187,1712
IA,BUTLER,19023,8539
IA,STORY,19169,1141
IA,BUCHANAN,19019,1488
IA,POTTAWATTAMIE,19155,1312
IA,TAMA,19171,342
IA,WINNEBAGO,19189,6116
IA,WRIGHT,19197,1055
IA,GRUNDY,19075,1076
IA,WARREN,19181,9465
IA,LYON,19119,906
IA,CARROLL,19027,5350
IA,CLINTON,19045,2852
IA,MONTGOMERY,19137,35107
IA,MUSCATINE,19139,722
IA,OSCEOLA,19143,2382
IA,CASS,19029,4324
IA,MAHASKA,19123,392
IA,POWESHIEK,19157,432
IA,WOODBURY,19193,1543
IA,CRAWFORD,19047,3782
IA,BENTON,19011,4974
IA,DELAWARE,19055,8165
IA,CALHOUN,19025,2296
IA,HARDIN,19083,2625
IA,FLOYD,19067,2073
IA,MADISON,19121,12472
IA,JOHNSON,19103,10467
IA,WAPELLO,19179,660
IA,KEOKUK,19107,228
IA,BREMER,19017,480
IA,ADAMS,19003,7152
IA,HUMBOLDT,19091,1106
IA,PLYMOUTH,19149,1258
IA,BLACK HAWK,19013,2060
IA,AUDUBON,19009,156
IA,SAC,19161,271
IA,PALO ALTO,19147,331
IA,POCAHONTAS,19151,273
IA,FREMONT,19071,1101
IA,LEE,19111,10974
IA,MONONA,19133,290
IA,JEFFERSON,19101,31005
IA,JONES,19105,1200
IA,MARION,19125,13390
IA,ALLAMAKEE,19005,295
IA,BOONE,19015,4219
IA,DICKINSON,19059,784
IA,GREENE,19073,8124
IA,RINGGOLD,19159,176
IA,WINNESHIEK,19191,392
IA,ADAIR,19001,728
IA,DES MOINES,19057,461
IA,HENRY,19087,3585
IA,DAVIS,19051,2528
IA,DECATUR,19053,652
IA,FRANKLIN,19069,20018
IA,MONROE,19135,12874
IA,CHICKASAW,19037,443
IA,UNION,19175,8754
IA,HOWARD,19089,4023
IA,TAYLOR,19173,2616
IA,O'BRIEN,19141,449
IA,EMMET,19063,296
IA,APPANOOSE,19007,263
IA,IDA,19093,338
IA,WASHINGTON,19183,21671
IA,WAYNE,19185,5272
IA,BUENA VISTA,19021,413
IA,CLARKE,19039,1461
IA,MILLS,19129,303
IA,WORTH,19195,354
IA,CLAY,19041,6802
IA,GUTHRIE,19077,324
IA,LUCAS,19117,5208
IA,LOUISA,19115,276
IA,VAN BUREN,19177,375
ID,NEZ PERCE,16069,874
ID,ADA,16001,4009
ID,TWIN FALLS,16083,1122
ID,BONNEVILLE,16019,918
ID,WASHINGTON,16087,21671
ID,GOODING,16047,176
ID,CANYON,16027,1356
ID,KOOTENAI,16055,1412
ID,CUSTER,16037,989
ID,GEM,16045,245
ID,SHOSHONE,16079,148
ID,BANNOCK,16005,772
ID,BINGHAM,16011,287
ID,ONEIDA,16071,3815
ID,CASSIA,16031,299
ID,ELMORE,16039,564
ID,PAYETTE,16075,226
ID,CLEARWATER,16035,158
ID,LEMHI,16059,80
ID,JEFFERSON,16051,31005
ID,JEROME,16053,71
ID,MINIDOKA,16067,62
ID,LEWIS,16061,1356
ID,BEAR LAKE,16007,73
ID,BONNER,16017,486
ID,CARIBOU,16029,60
ID,MADISON,16065,12472
ID,LATAH,16057,223
ID,POWER,16077,56
ID,BOUNDARY,16021,106
ID,TETON,16081,231
ID,IDAHO,16049,105
ID,FRANKLIN,16041,20018
ID,LINCOLN,16063,5311
ID,VALLEY,16085,330
ID,OWYHEE,16073,49
ID,BENEWAH,16009,74
ID,FREMONT,16043,1101
ID,BLAINE,16013,229
IL,WINNEBAGO,17201,6116
IL,COOK,17031,42723
IL,SANGAMON,17167,2196
IL,CHAMPAIGN,17019,2039
IL,ROCK ISLAND,17161,1833
IL,SHELBY,17173,9430
IL,KANE,17089,3746
IL,LAKE,17097,15875
IL,MCHENRY,17111,1955
IL,JEFFERSON,17081,31005
IL,DUPAGE,17043,9518
IL,PEORIA,17143,2324
IL,MCLEAN,17113,1928
IL,WILL,17197,4281
IL,JACKSON,17077,14148
IL,ADAMS,17001,7152
IL,MACON,17115,3004
IL,KANKAKEE,17091,1793
IL,ST. CLAIR,17163,4021
IL,TAZEWELL,17179,2468
IL,MADISON,17119,12472
IL,CHRISTIAN,17021,2333
IL,EFFINGHAM,17049,699
IL,JO DAVIESS,17085,319
IL,WILLIAMSON,17199,7329
IL,WHITESIDE,17195,1038
IL,BOND,17005,214
IL,FRANKLIN,17055,20018
IL,CRAWFORD,17033,3782
IL,CLARK,17023,17062
IL,CLINTON,17027,2852
IL,HENRY,17073,3585
IL,MCDONOUGH,17109,488
IL,DEKALB,17037,5630
IL,IROQUOIS,17075,506
IL,FULTON,17057,8788
IL,KENDALL,17093,1215
IL,MONROE,17133,12874
IL,MASON,17125,1017
IL,LASALLE,17099,1654
IL,HANCOCK,17067,3496
IL,LEE,17103,10974
IL,LOGAN,17107,1982
IL,EDGAR,17045,323
IL,FORD,17053,789
IL,DOUGLAS,17041,11843
IL,COLES,17029,1015
IL,PIKE,17149,2265
IL,OGLE,17141,581
IL,STARK,17175,6136
IL,MORGAN,17137,3271
IL,VERMILION,17183,1016
IL,BUREAU,17011,398
IL,LAWRENCE,17101,3613
IL,RICHLAND,17159,5632
IL,RANDOLPH,17157,3557
IL,STEPHENSON,17177,791
IL,WOODFORD,17203,816
IL,GRUNDY,17063,1076
IL,MOULTRIE,17139,490
IL,MONTGOMERY,17135,35107
IL,MARSHALL,17123,3101
IL,KNOX,17095,7130
IL,PIATT,17147,223
IL,JASPER,17079,2488
IL,WARREN,17187,9465
IL,MACOUPIN,17117,823
IL,LIVINGSTON,17105,1806
IL,MARION,17121,13390
IL,SALINE,17165,2675
IL,FAYETTE,17051,6796
IL,WABASH,17185,164
IL,MERCER,17131,5829
IL,UNION,17181,8754
IL,BOONE,17007,4219
IL,WAYNE,17191,5272
IL,JERSEY,17083,453
IL,CASS,17017,4324
IL,EDWARDS,17047,136
IL,PERRY,17145,1823
IL,SCHUYLER,17169,419
IL,WHITE,17193,1656
IL,HARDIN,17069,2625
IL,GALLATIN,17059,1186
IL,BROWN,17009,5959
IL,DE WITT,17039,190
IL,GREENE,17061,8124
IL,HAMILTON,17065,18734
IL,WASHINGTON,17189,21671
IL,CUMBERLAND,17035,9128
IL,CALHOUN,17013,2296
IL,CLAY,17025,6802
IL,SCOTT,17171,4749
IL,CARROLL,17015,5350
IL,HENDERSON,17071,3330
IL,ALEXANDER,17003,418
IL,MASSAC,17127,243
IL,MENARD,17129,146
IL,JOHNSON,17087,10467
IL,POPE,17151,690
IN,JAY,18075,16
IN,FLOYD,18043,2073
IN,RANDOLPH,18135,3557
IN,HAMILTON,18057,18734
IN,WARRICK,18173,377
IN,VANDERBURGH,18163,288
IN,LAPORTE,18091,458
IN,HENDRICKS,18063,416
IN,LAKE,18089,15875
IN,HARRISON,18061,3435
IN,JEFFERSON,18077,31005
IN,ALLEN,18003,3672
IN,ELKHART,18039,488
IN,MARION,18097,13390
IN,CLARK,18019,17062
IN,MADISON,18095,12472
IN,ST. JOSEPH,18141,527
IN,NOBLE,18113,328
IN,BOONE,18011,4219
IN,MONROE,18105,12874
IN,PORTER,18127,243
IN,HANCOCK,18059,3496
IN,VIGO,18167,247
IN,PULASKI,18131,4765
IN,GIBSON,18051,956
IN,WABASH,18169,164
IN,MARSHALL,18099,3101
IN,DEARBORN,18029,0
IN,DUBOIS,18037,251
IN,GRANT,18053,2554
IN,WAYNE,18177,5272
IN,DELAWARE,18035,8165
IN,GREENE,18055,8124
IN,KOSCIUSKO,18085,101
IN,BENTON,18007,4974
IN,JOHNSON,18081,10467
IN,BROWN,18013,5959
IN,CASS,18017,4324
IN,HOWARD,18067,4023
IN,ADAMS,18001,7152
IN,HENRY,18065,3585
IN,FAYETTE,18041,6796
IN,DAVIESS,18027,1195
IN,JASPER,18073,2488
IN,RIPLEY,18137,186
IN,POSEY,18129,96
IN,WELLS,18179,80
IN,VERMILLION,18165,0
IN,CLINTON,18023,2852
IN,CLAY,18021,6802
IN,SCOTT,18143,4749
IN,LAWRENCE,18093,3613
IN,SPENCER,18147,120
IN,TIPPECANOE,18157,306
IN,PIKE,18125,2265
IN,WASHINGTON,18175,21671
IN,JACKSON,18071,14148
IN,DECATUR,18031,652
IN,NEWTON,18111,1705
IN,PUTNAM,18133,3369
IN,BARTHOLOMEW,18005,212
IN,CARROLL,18015,5350
IN,SWITZERLAND,18155,0
IN,HUNTINGTON,18069,40
IN,MONTGOMERY,18107,35107
IN,MIAMI,18103,1758
IN,CRAWFORD,18025,3782
IN,FULTON,18049,8788
IN,SHELBY,18145,9430
IN,FOUNTAIN,18045,0
IN,MORGAN,18109,3271
IN,OHIO,18115,855
IN,WHITE,18181,1656
IN,UNION,18161,8754
IN,WARREN,18171,9465
IN,KNOX,18083,7130
IN,STARKE,18149,0
IN,STEUBEN,18151,917
IN,DEKALB,18033,5630
IN,LAGRANGE,18087,0
IN,FRANKLIN,18047,20018
IN,BLACKFORD,18009,0
IN,ORANGE,18117,32001
IN,MARTIN,18101,3037
IN,OWEN,18119,100
IN,WHITLEY,18183,406
IN,TIPTON,18159,332
IN,SULLIVAN,18153,3062
IN,RUSH,18139,67
IN,PERRY,18123,1823
IN,JENNINGS,18079,120
KS,BUTLER,20015,8539
KS,SEDGWICK,20173,3782
KS,MEADE,20119,264
KS,RENO,20155,836
KS,HARVEY,20079,522
KS,DOUGLAS,20045,11843
KS,JOHNSON,20091,10467
KS,HARPER,20077,166
KS,CLOUD,20029,219
KS,POTTAWATOMIE,20149,960
KS,SHAWNEE,20177,1864
KS,NORTON,20137,148
KS,SEWARD,20175,556
KS,CHEYENNE,20023,178
KS,ATCHISON,20005,373
KS,SMITH,20183,3277
KS,CHEROKEE,20021,4506
KS,CHAUTAUQUA,20019,1761
KS,MONTGOMERY,20125,35107
KS,CHASE,20017,184
KS,KIOWA,20097,225
KS,LEAVENWORTH,20103,407
KS,WYANDOTTE,20209,904
KS,NEMAHA,20131,421
KS,COMANCHE,20033,1119
KS,ALLEN,20001,3672
KS,TREGO,20195,12
KS,FORD,20057,789
KS,COWLEY,20035,362
KS,BROWN,20013,5959
KS,BOURBON,20011,223
KS,KINGMAN,20095,121
KS,MIAMI,20121,1758
KS,MARION,20115,13390
KS,JEFFERSON,20087,31005
KS,RICE,20159,388
KS,MCPHERSON,20113,668
KS,PAWNEE,20145,280
KS,GEARY,20061,134
KS,RILEY,20161,436
KS,SALINE,20169,2675
KS,CRAWFORD,20037,3782
KS,OTTAWA,20143,769
KS,COFFEY,20031,111
KS,MARSHALL,20117,3101
KS,GREENWOOD,20073,772
KS,BARTON,20009,519
KS,LABETTE,20099,216
KS,PHILLIPS,20147,351
KS,WOODSON,20207,40
KS,WABAUNSEE,20197,132
KS,RUSH,20165,67
KS,OSAGE,20139,609
KS,LINCOLN,20105,5311
KS,SUMNER,20191,1980
KS,EDWARDS,20047,136
KS,LYON,20111,906
KS,ELLIS,20051,2336
KS,WASHINGTON,20201,21671
KS,CLAY,20027,6802
KS,DICKINSON,20041,784
KS,THOMAS,20193,447
KS,ELLSWORTH,20053,105
KS,FRANKLIN,20059,20018
KS,ANDERSON,20003,3680
KS,REPUBLIC,20157,94
KS,BARBER,20007,29
KS,RUSSELL,20167,718
KS,SCOTT,20171,4749
KS,PRATT,20151,127
KS,NEOSHO,20133,210
KS,FINNEY,20055,127
KS,DONIPHAN,20043,104
KS,JACKSON,20085,14148
KS,GRAY,20069,371
KS,MORTON,20129,602
KS,WILSON,20205,2618
KS,WALLACE,20199,34
KS,WICHITA,20203,1996
KS,STANTON,20187,106
KS,MITCHELL,20123,1001
KS,DECATUR,20039,652
KS,SHERMAN,20181,225
KS,RAWLINS,20153,40
KS,LOGAN,20109,1982
KS,STAFFORD,20185,651
KS,ROOKS,20163,70
KS,OSBORNE,20141,58
KS,GRAHAM,20065,261
KS,MORRIS,20127,5116
KS,GRANT,20067,2554
KS,KEARNY,20093,0
KY,JESSAMINE,21113,491
KY,GREEN,21087,625
KY,LAUREL,21125,348
KY,FAYETTE,21067,6796
KY,PULASKI,21199,4765
KY,HOPKINS,21107,1407
KY,FRANKLIN,21073,20018
KY,BARREN,21009,600
KY,JEFFERSON,21111,31005
KY,PIKE,21195,2265
KY,WARREN,21227,9465
KY,OHIO,21183,855
KY,LARUE,21123,137
KY,GRAVES,21083,431
KY,HENDERSON,21101,3330
KY,BUTLER,21031,8539
KY,LEWIS,21135,1356
KY,WOLFE,21237,100
KY,LYON,21143,906
KY,PERRY,21193,1823
KY,BOYLE,21021,394
KY,HENRY,21103,3585
KY,SPENCER,21215,120
KY,BOONE,21015,4219
KY,CHRISTIAN,21047,2333
KY,GRAYSON,21085,2354
KY,PENDLETON,21191,197
KY,ROWAN,21205,1925
KY,BOYD,21019,463
KY,ALLEN,21003,3672
KY,KNOX,21121,7130
KY,BULLITT,21029,316
KY,WAYNE,21231,5272
KY,OLDHAM,21185,423
KY,MCCRACKEN,21145,739
KY,MUHLENBERG,21177,233
KY,NICHOLAS,21181,156
KY,GREENUP,21089,478
KY,HANCOCK,21091,3496
KY,BATH,21011,197
KY,TRIGG,21221,154
KY,MASON,21161,1017
KY,MARSHALL,21157,3101
KY,BELL,21013,2666
KY,MAGOFFIN,21153,142
KY,MADISON,21151,12472
KY,MONROE,21171,12874
KY,HICKMAN,21105,309
KY,DAVIESS,21059,1195
KY,METCALFE,21169,98
KY,UNION,21225,8754
KY,HARDIN,21093,2625
KY,HARRISON,21097,3435
KY,MCCREARY,21147,109
KY,CARROLL,21041,5350
KY,CLINTON,21053,2852
KY,CAMPBELL,21037,1906
KY,LESLIE,21131,94
KY,LIVINGSTON,21139,1806
KY,BOURBON,21017,223
KY,TAYLOR,21217,2616
KY,MONTGOMERY,21173,35107
KY,CRITTENDEN,21055,489
KY,MENIFEE,21165,60
KY,MARION,21155,13390
KY,BREATHITT,21025,120
KY,WASHINGTON,21229,21671
KY,NELSON,21179,491
KY,BRECKINRIDGE,21027,90
KY,FLEMING,21069,101
KY,ROCKCASTLE,21203,247
KY,CARTER,21043,1311
KY,GALLATIN,21077,1186
KY,CASEY,21045,97
KY,KENTON,21117,1280
KY,ESTILL,21065,90
KY,CUMBERLAND,21057,9128
KY,CARLISLE,21039,53
KY,LOGAN,21141,1982
KY,ELLIOTT,21063,75
KY,FLOYD,21071,2073
KY,TODD,21219,220
KY,CALDWELL,21033,1648
KY,SHELBY,21211,9430
KY,EDMONSON,21061,74
KY,BRACKEN,21023,32
KY,GRANT,21081,2554
KY,WEBSTER,21233,1712
KY,HART,21099,367
KY,LAWRENCE,21127,3613
KY,CLAY,21051,6802
KY,LETCHER,21133,142
KY,CLARK,21049,17062
KY,LEE,21129,10974
KY,MERCER,21167,5829
KY,OWEN,21187,100
KY,MCLEAN,21149,1928
KY,RUSSELL,21207,718
KY,POWELL,21197,161
KY,FULTON,21075,8788
KY,JACKSON,21109,14148
KY,ADAIR,21001,728
KY,WOODFORD,21239,816
KY,ANDERSON,21005,3680
KY,WHITLEY,21235,406
KY,LINCOLN,21137,5311
KY,MARTIN,21159,3037
KY,BALLARD,21007,70
KY,GARRARD,21079,96
KY,MEADE,21163,264
KY,HARLAN,21095,379
KY,KNOTT,21119,176
KY,TRIMBLE,21223,60
KY,CALLOWAY,21035,487
KY,MORGAN,21175,3271
KY,JOHNSON,21115,10467
KY,SCOTT,21209,4749
KY,SIMPSON,21213,315
KY,ROBERTSON,21201,893
KY,OWSLEY,21189,91
LA,ST. MARTIN,22099,0
LA,VERMILION,22113,1016
LA,LIVINGSTON,22063,1806
LA,ST. TAMMANY,22103,197
LA,EAST BATON ROUGE,22033,154
LA,ORLEANS,22071,713
LA,RAPIDES,22079,0
LA,JEFFERSON,22051,31005
LA,CALCASIEU,22019,0
LA,LAFAYETTE,22055,1344
LA,EAST FELICIANA,22037,0
LA,AVOYELLES,22009,0
LA,JACKSON,22049,14148
LA,WINN,22127,0
LA,CADDO,22017,257
LA,TERREBONNE,22109,0
LA,DE SOTO,22031,0
LA,JEFFERSON DAVIS,22053,55
LA,LINCOLN,22061,5311
LA,IBERIA,22045,0
LA,UNION,22111,8754
LA,BIENVILLE,22013,0
LA,OUACHITA,22073,421
LA,NATCHITOCHES,22069,0
LA,MADISON,22065,12472
LA,WEBSTER,22119,1712
LA,FRANKLIN,22041,20018
LA,EVANGELINE,22039,0
LA,CLAIBORNE,22027,425
LA,CALDWELL,22021,1648
LA,MOREHOUSE,22067,0
LA,RICHLAND,22083,5632
LA,WASHINGTON,22117,21671
LA,RED RIVER,22081,252
LA,ACADIA,22001,0
LA,ASCENSION,22005,0
LA,TANGIPAHOA,22105,98
LA,ST. MARY,22101,0
LA,WEST CARROLL,22123,0
LA,BOSSIER,22015,0
LA,LAFOURCHE,22057,62
LA,ST. LANDRY,22097,0
LA,WEST BATON ROUGE,22121,0
LA,ALLEN,22003,3672
LA,ST. HELENA,22091,0
LA,LASALLE,22059,1654
LA,BEAUREGARD,22011,0
LA,ASSUMPTION,22007,0
LA,CONCORDIA,22029,0
LA,ST. JOHN THE BAPTIST,22095,0
LA,SABINE,22085,180
LA,POINTE COUPEE,22077,0
LA,IBERVILLE,22047,0
LA,EAST CARROLL,22035,0
LA,ST. CHARLES,22089,3486
LA,PLAQUEMINES,22075,0
LA,VERNON,22115,841
LA,GRANT,22043,2554
LA,ST. JAMES,22093,0
LA,WEST FELICIANA,22125,0
LA,CATAHOULA,22025,0
LA,ST. BERNARD,22087,0
MA,MIDDLESEX,25017,9665
MA,WORCESTER,25027,2792
MA,PLYMOUTH,25023,1258
MA,SUFFOLK,25025,15762
MA,FRANKLIN,25011,20018
MA,BARNSTABLE,25001,936
MA,BERKSHIRE,25003,260
MA,HAMPSHIRE,25015,383
MA,BRISTOL,25005,2236
MA,NORFOLK,25021,3102
MA,HAMPDEN,25013,426
MA,ESSEX,25009,9931
MA,DUKES,25007,26
MA,NANTUCKET,25019,45
MD,BALTIMORE,24510,16062
MD,ANNE ARUNDEL,24003,3900
MD,MONTGOMERY,24031,35107
MD,CARROLL,24013,5350
MD,BALTIMORE,24005,16062
MD,HARFORD,24025,1643
MD,WICOMICO,24045,964
MD,PRINCE GEORGE'S,24033,5815
MD,CHARLES,24017,971
MD,HOWARD,24027,4023
MD,FREDERICK,24021,2302
MD,QUEEN ANNE'S,24035,179
MD,CECIL,24015,667
MD,KENT,24029,4553
MD,WASHINGTON,24043,21671
MD,ALLEGANY,24001,1605
MD,GARRETT,24023,386
MD,CAROLINE,24011,436
MD,DORCHESTER,24019,879
MD,CALVERT,24009,431
MD,ST. MARY'S,24037,804
MD,WORCESTER,24047,2792
MD,SOMERSET,24039,5053
MD,TALBOT,24041,523
ME,CUMBERLAND,23005,9128
ME,SOMERSET,23025,5053
ME,AROOSTOOK,23003,508
ME,HANCOCK,23009,3496
ME,ANDROSCOGGIN,23001,1037
ME,YORK,23031,6068
ME,PENOBSCOT,23019,1081
ME,KENNEBEC,23011,899
ME,KNOX,23013,7130
ME,OXFORD,23017,358
ME,LINCOLN,23015,5311
ME,PISCATAQUIS,23021,113
ME,SAGADAHOC,23023,267
ME,WASHINGTON,23029,21671
ME,WALDO,23027,173
ME,FRANKLIN,23007,20018
MI,OGEMAW,26129,0
MI,DICKINSON,26043,784
MI,MARQUETTE,26103,143
MI,MACOMB,26099,0
MI,OAKLAND,26125,0
MI,MONROE,26115,12874
MI,MIDLAND,26111,1131
MI,BAY,26017,1583
MI,GENESEE,26049,707
MI,MUSKEGON,26121,0
MI,KENT,26081,4553
MI,CALHOUN,26025,2296
MI,OTTAWA,26139,769
MI,CRAWFORD,26039,3782
MI,WAYNE,26163,5272
MI,LAPEER,26087,0
MI,TUSCOLA,26157,0
MI,WASHTENAW,26161,0
MI,LIVINGSTON,26093,1806
MI,SAGINAW,26145,0
MI,EATON,26045,0
MI,BRANCH,26023,0
MI,CLINTON,26037,2852
MI,GRATIOT,26057,0
MI,OSCEOLA,26133,2382
MI,BARRY,26015,425
MI,GRAND TRAVERSE,26055,0
MI,ALGER,26003,0
MI,SANILAC,26151,0
MI,BERRIEN,26021,160
MI,MONTCALM,26117,0
MI,LUCE,26095,0
MI,ST. CLAIR,26147,4021
MI,ARENAC,26011,0
MI,GLADWIN,26051,0
MI,OCEANA,26127,0
MI,MASON,26105,1017
MI,HOUGHTON,26061,0
MI,CHARLEVOIX,26029,0
MI,INGHAM,26065,0
MI,ST. JOSEPH,26149,527
MI,BENZIE,26019,0
MI,DELTA,26041,444
MI,EMMET,26047,296
MI,SHIAWASSEE,26155,0
MI,MECOSTA,26107,0
MI,IRON,26071,833
MI,ISABELLA,26073,0
MI,NEWAYGO,26123,0
MI,ROSCOMMON,26143,0
MI,CHIPPEWA,26033,1097
MI,LENAWEE,26091,0
MI,CASS,26027,4324
MI,LEELANAU,26089,0
MI,JACKSON,26075,14148
MI,KALAMAZOO,26077,0
MI,MENOMINEE,26109,15
MI,ONTONAGON,26131,0
MI,HURON,26063,618
MI,IONIA,26067,0
MI,ALCONA,26001,0
MI,GOGEBIC,26053,0
MI,IOSCO,26069,0
MI,ALLEGAN,26005,0
MI,BARAGA,26013,0
MI,KALKASKA,26079,0
MI,ALPENA,26007,0
MI,HILLSDALE,26059,0
MI,VAN BUREN,26159,375
MI,MANISTEE,26101,0
MI,SCHOOLCRAFT,26153,0
MI,OSCODA,26135,0
MI,CLARE,26035,0
MI,OTSEGO,26137,614
MI,ANTRIM,26009,0
MI,MISSAUKEE,26113,0
MI,LAKE,26085,15875
MI,PRESQUE ISLE,26141,0
MI,MACKINAC,26097,0
MI,WEXFORD,26165,0
MI,MONTMORENCY,26119,0
MI,CHEBOYGAN,26031,0
MN,RAMSEY,27123,2924
MN,CLAY,27027,6802
MN,POPE,27121,690
MN,WINONA,27169,335
MN,TODD,27153,220
MN,HENNEPIN,27053,5530
MN,WRIGHT,27171,1055
MN,REDWOOD,27127,235
MN,FREEBORN,27047,300
MN,PENNINGTON,27113,1333
MN,OLMSTED,27109,603
MN,PIPESTONE,27117,140
MN,GRANT,27051,2554
MN,POLK,27119,15155
MN,ROCK,27133,2256
MN,RICE,27131,388
MN,ROSEAU,27135,139
MN,ST. LOUIS,27137,20195
MN,PINE,27115,50
MN,BELTRAMI,27007,198
MN,JACKSON,27063,14148
MN,ITASCA,27061,279
MN,OTTER TAIL,27111,526
MN,GOODHUE,27049,494
MN,WASHINGTON,27163,21671
MN,FILLMORE,27045,465
MN,KITTSON,27069,106
MN,DOUGLAS,27041,11843
MN,STEARNS,27145,429
MN,HOUSTON,27055,2237
MN,DAKOTA,27037,1187
MN,TRAVERSE,27155,88
MN,MCLEOD,27085,293
MN,CARLTON,27017,212
MN,LYON,27083,906
MN,MOWER,27099,217
MN,DODGE,27039,2785
MN,BECKER,27005,276
MN,MAHNOMEN,27087,32
MN,CHISAGO,27025,217
MN,WADENA,27159,240
MN,BLUE EARTH,27013,349
MN,MORRISON,27097,205
MN,KANDIYOHI,27067,378
MN,CLEARWATER,27029,158
MN,NOBLES,27105,141
MN,BENTON,27009,4974
MN,COTTONWOOD,27033,159
MN,BROWN,27015,5959
MN,WABASHA,27157,153
MN,LAKE,27075,15875
MN,CROW WING,27035,211
MN,MURRAY,27101,405
MN,YELLOW MEDICINE,27173,89
MN,NICOLLET,27103,127
MN,WASECA,27161,145
MN,MARTIN,27091,3037
MN,MILLE LACS,27095,232
MN,SCOTT,27139,4749
MN,SWIFT,27151,87
MN,SIBLEY,27143,101
MN,CHIPPEWA,27023,1097
MN,LE SUEUR,27079,90
MN,RENVILLE,27129,285
MN,MARSHALL,27089,3101
MN,MEEKER,27093,179
MN,LINCOLN,27081,5311
MN,STEVENS,27149,323
MN,SHERBURNE,27141,371
MN,FARIBAULT,27043,124
MN,ANOKA,27003,571
MN,LAKE OF THE WOODS,27077,32
MN,KOOCHICHING,27071,103
MN,NORMAN,27107,93
MN,KANABEC,27065,65
MN,BIG STONE,27011,91
MN,CARVER,27019,188
MN,LAC QUI PARLE,27073,112
MN,WILKIN,27167,80
MN,HUBBARD,27057,64
MN,AITKIN,27001,119
MN,STEELE,27147,119
MN,CASS,27021,4324
MN,WATONWAN,27165,112
MN,ISANTI,27059,141
MN,COOK,27031,42723
MO,BOONE,29019,4219
MO,GREENE,29077,8124
MO,NODAWAY,29147,385
MO,ST. FRANCOIS,29187,1652
MO,IRON,29093,833
MO,LACLEDE,29105,616
MO,ST. CHARLES,29183,3486
MO,BATES,29013,220
MO,DENT,29065,185
MO,COLE,29051,1117
MO,ST. LOUIS,29189,20195
MO,JACKSON,29095,14148
MO,CAPE GIRARDEAU,29031,1398
MO,FRANKLIN,29071,20018
MO,HOLT,29087,417
MO,MONROE,29137,12874
MO,JASPER,29097,2488
MO,JEFFERSON,29099,31005
MO,PETTIS,29159,923
MO,ST. LOUIS,29510,20195
MO,DUNKLIN,29069,700
MO,WORTH,29227,354
MO,PERRY,29157,1823
MO,LINN,29115,4467
MO,CALDWELL,29025,1648
MO,HOWELL,29091,844
MO,STODDARD,29207,680
MO,LINCOLN,29113,5311
MO,LAFAYETTE,29107,1344
MO,BENTON,29015,4974
MO,BARRY,29009,425
MO,HENRY,29083,3585
MO,AUDRAIN,29007,375
MO,DALLAS,29059,20780
MO,CLAY,29047,6802
MO,TEXAS,29215,397
MO,RANDOLPH,29175,3557
MO,CEDAR,29039,850
MO,MORGAN,29141,3271
MO,MACON,29121,3004
MO,PEMISCOT,29155,184
MO,RAY,29177,297
MO,GASCONADE,29073,461
MO,TANEY,29213,542
MO,CHRISTIAN,29043,2333
MO,STONE,29209,235
MO,BUCHANAN,29021,1488
MO,WRIGHT,29229,1055
MO,COOPER,29053,303
MO,CLARK,29045,17062
MO,BUTLER,29023,8539
MO,KNOX,29103,7130
MO,WARREN,29219,9465
MO,PLATTE,29165,1944
MO,CALLAWAY,29027,600
MO,SHELBY,29205,9430
MO,DEKALB,29063,5630
MO,ST. CLAIR,29185,4021
MO,MARION,29127,13390
MO,LAWRENCE,29109,3613
MO,MARIES,29125,146
MO,PIKE,29163,2265
MO,VERNON,29217,841
MO,MILLER,29131,1019
MO,NEWTON,29145,1705
MO,POLK,29167,15155
MO,SALINE,29195,2675
MO,BARTON,29011,519
MO,WAYNE,29223,5272
MO,CHARITON,29041,288
MO,REYNOLDS,29179,72
MO,OSAGE,29151,609
MO,SCOTLAND,29199,463
MO,CASS,29037,4324
MO,JOHNSON,29101,10467
MO,CLINTON,29049,2852
MO,ADAIR,29001,728
MO,CAMDEN,29029,5167
MO,MONTGOMERY,29139,35107
MO,SCOTT,29201,4749
MO,LIVINGSTON,29117,1806
MO,HARRISON,29081,3435
MO,PUTNAM,29171,3369
MO,SCHUYLER,29197,419
MO,STE. GENEVIEVE,29186,348
MO,ATCHISON,29005,373
MO,MONITEAU,29135,234
MO,CRAWFORD,29055,3782
MO,MERCER,29129,5829
MO,HOWARD,29089,4023
MO,PHELPS,29161,998
MO,CARROLL,29033,5350
MO,MISSISSIPPI,29133,655
MO,WASHINGTON,29221,21671
MO,WEBSTER,29225,1712
MO,NEW MADRID,29143,478
MO,GRUNDY,29079,1076
MO,MCDONALD,29119,96
MO,BOLLINGER,29017,266
MO,MADISON,29123,12472
MO,LEWIS,29111,1356
MO,PULASKI,29169,4765
MO,DADE,29057,344
MO,SULLIVAN,29211,3062
MO,RALLS,29173,76
MO,OZARK,29153,99
MO,HICKORY,29085,120
MO,ANDREW,29003,208
MO,CARTER,29035,1311
MO,RIPLEY,29181,186
MO,DAVIESS,29061,1195
MO,DOUGLAS,29067,11843
MO,SHANNON,29203,110
MO,OREGON,29149,159
MO,GENTRY,29075,82
MS,MONTGOMERY,28097,35107
MS,LINCOLN,28085,5311
MS,TIPPAH,28139,240
MS,GRENADA,28043,226
MS,STONE,28131,235
MS,HINDS,28049,1577
MS,HANCOCK,28045,3496
MS,RANKIN,28121,793
MS,JACKSON,28059,14148
MS,MARSHALL,28093,3101
MS,WARREN,28149,9465
MS,WEBSTER,28155,1712
MS,NEWTON,28101,1705
MS,LAMAR,28073,1225
MS,WASHINGTON,28151,21671
MS,FRANKLIN,28037,20018
MS,LAUDERDALE,28075,1896
MS,YAZOO,28163,240
MS,SIMPSON,28127,315
MS,MARION,28091,13390
MS,WINSTON,28159,436
MS,PONTOTOC,28115,577
MS,ADAMS,28001,7152
MS,JEFFERSON DAVIS,28065,55
MS,LAWRENCE,28077,3613
MS,KEMPER,28069,60
MS,PRENTISS,28117,144
MS,PEARL RIVER,28109,300
MS,MADISON,28089,12472
MS,FORREST,28035,556
MS,SUNFLOWER,28133,246
MS,MONROE,28095,12874
MS,WALTHALL,28147,120
MS,CALHOUN,28013,2296
MS,PERRY,28111,1823
MS,TUNICA,28143,60
MS,TALLAHATCHIE,28135,98
MS,WILKINSON,28157,152
MS,GEORGE,28039,119
MS,LEE,28081,10974
MS,CARROLL,28015,5350
MS,LOWNDES,28087,874
MS,SCOTT,28123,4749
MS,COVINGTON,28031,694
MS,QUITMAN,28119,60
MS,CHICKASAW,28017,443
MS,ITAWAMBA,28057,196
MS,BOLIVAR,28011,350
MS,LEAKE,28079,143
MS,COAHOMA,28027,156
MS,COPIAH,28029,120
MS,OKTIBBEHA,28105,179
MS,TISHOMINGO,28141,178
MS,NOXUBEE,28103,60
MS,AMITE,28005,80
MS,CLAY,28025,6802
MS,HOLMES,28051,1008
MS,HARRISON,28047,3435
MS,JONES,28067,1200
MS,DESOTO,28033,549
MS,LEFLORE,28083,340
MS,PANOLA,28107,567
MS,PIKE,28113,2265
MS,NESHOBA,28099,340
MS,TATE,28137,120
MS,GREENE,28041,8124
MS,JASPER,28061,2488
MS,UNION,28145,8754
MS,LAFAYETTE,28071,1344
MS,ALCORN,28003,264
MS,SHARKEY,28125,54
MS,ATTALA,28007,150
MS,WAYNE,28153,5272
MS,CHOCTAW,28019,417
MS,SMITH,28129,3277
MS,CLARKE,28023,1461
MS,JEFFERSON,28063,31005
MS,YALOBUSHA,28161,122
MS,HUMPHREYS,28053,298
MS,CLAIBORNE,28021,425
MT,YELLOWSTONE,30111,2272
MT,DAWSON,30021,772
MT,RAVALLI,30081,430
MT,GALLATIN,30031,1186
MT,PHILLIPS,30071,351
MT,FERGUS,30027,263
MT,MISSOULA,30063,1033
MT,STILLWATER,30095,108
MT,FLATHEAD,30029,1278
MT,PONDERA,30073,71
MT,SILVER BOW,30093,626
MT,CASCADE,30013,1274
MT,JEFFERSON,30043,31005
MT,GLACIER,30035,90
MT,RICHLAND,30083,5632
MT,LEWIS AND CLARK,30049,748
MT,SKAMANIA,53059,44
MT,POWELL,30077,161
MT,BEAVERHEAD,30001,128
MT,PARK,30067,464
MT,CARBON,30009,866
MT,VALLEY,30105,330
MT,SWEET GRASS,30097,18
MT,MUSSELSHELL,30065,35
MT,ROSEBUD,30087,86
MT,MADISON,30057,12472
MT,CHOUTEAU,30015,48
MT,TOOLE,30101,103
MT,LAKE,30047,15875
MT,POWDER RIVER,30075,41
MT,DEER LODGE,30023,77
MT,BIG HORN,30003,308
MT,BROADWATER,30007,26
MT,WHEATLAND,30107,11
MT,LINCOLN,30053,5311
MT,SANDERS,30089,76
MT,CUSTER,30017,989
MT,HILL,30041,725
MT,GARFIELD,30033,1274
MT,BLAINE,30005,229
MT,SHERIDAN,30091,646
MT,TETON,30099,231
MT,LIBERTY,30051,702
MT,WIBAUX,30109,40
MT,ROOSEVELT,30085,140
MT,FALLON,30025,27
MT,MCCONE,30055,10
NC,CUMBERLAND,37051,9128
NC,DURHAM,37063,2303
NC,UNION,37179,8754
NC,IREDELL,37097,1539
NC,CHATHAM,37037,3031
NC,GASTON,37071,2112
NC,DAVIDSON,37057,6663
NC,BRUNSWICK,37019,1112
NC,RANDOLPH,37151,3557
NC,RUTHERFORD,37161,2763
NC,GUILFORD,37081,4630
NC,SAMPSON,37163,594
NC,ROWAN,37159,1925
NC,CALDWELL,37027,1648
NC,CHEROKEE,37039,4506
NC,FORSYTH,37067,4981
NC,BUNCOMBE,37021,2886
NC,CLEVELAND,37045,3224
NC,HALIFAX,37083,946
NC,WAYNE,37191,5272
NC,EDGECOMBE,37065,619
NC,MOORE,37125,1631
NC,MECKLENBURG,37119,7176
NC,ONSLOW,37133,757
NC,DAVIE,37059,421
NC,WAKE,37183,5751
NC,DUPLIN,37061,659
NC,HENDERSON,37089,3330
NC,LINCOLN,37109,5311
NC,BEAUFORT,37013,2401
NC,STOKES,37169,582
NC,CARTERET,37031,720
NC,ALAMANCE,37001,1606
NC,LENOIR,37107,708
NC,RICHMOND,37153,8857
NC,NASH,37127,940
NC,CABARRUS,37025,1559
NC,HAYWOOD,37087,955
NC,HYDE,37095,124
NC,ALLEGHANY,37005,374
NC,ROBESON,37155,902
NC,MADISON,37115,12472
NC,NORTHAMPTON,37131,2650
NC,BURKE,37023,1122
NC,ORANGE,37135,32001
NC,SCOTLAND,37165,463
NC,ASHE,37009,325
NC,FRANKLIN,37069,20018
NC,WATAUGA,37189,402
NC,WILKES,37193,645
NC,GREENE,37079,8124
NC,HARNETT,37085,1091
NC,CRAVEN,37049,1024
NC,WILSON,37195,2618
NC,GRANVILLE,37077,411
NC,WARREN,37185,9465
NC,ALEXANDER,37003,418
NC,JOHNSTON,37101,1326
NC,ROCKINGHAM,37157,2921
NC,PERSON,37145,359
NC,NEW HANOVER,37129,2026
NC,SURRY,37171,899
NC,CHOWAN,37041,250
NC,LEE,37105,10974
NC,ANSON,37007,221
NC,PITT,37147,1119
NC,POLK,37149,15155
NC,MCDOWELL,37111,759
NC,MARTIN,37117,3037
NC,BLADEN,37017,334
NC,CATAWBA,37035,1466
NC,MONTGOMERY,37123,35107
NC,SWAIN,37173,170
NC,MACON,37113,3004
NC,AVERY,37011,218
NC,WASHINGTON,37187,21671
NC,HOKE,37093,305
NC,TRANSYLVANIA,37175,391
NC,VANCE,37181,307
NC,YADKIN,37197,412
NC,JONES,37103,1200
NC,HERTFORD,37091,324
NC,STANLY,37167,637
NC,CURRITUCK,37053,190
NC,BERTIE,37015,247
NC,COLUMBUS,37047,468
NC,YANCEY,37199,239
NC,JACKSON,37099,14148
NC,MITCHELL,37121,1001
NC,CASWELL,37033,281
NC,PASQUOTANK,37139,520
NC,CLAY,37043,6802
NC,PERQUIMANS,37143,102
NC,GATES,37073,150
NC,CAMDEN,37029,5167
NC,GRAHAM,37075,261
NC,PENDER,37141,389
NC,DARE,37055,228
NC,PAMLICO,37137,174
NC,TYRRELL,37177,50
ND,TOWNER,38095,30
ND,FOSTER,38031,80
ND,DIVIDE,38023,49
ND,CASS,38017,4324
ND,CAVALIER,38019,58
ND,GOLDEN VALLEY,38033,40
ND,LAMOURE,38045,56
ND,NELSON,38063,491
ND,GRIGGS,38039,53
ND,MCLEAN,38055,1928
ND,BARNES,38003,257
ND,MCKENZIE,38053,62
ND,WARD,38101,914
ND,ROLETTE,38079,100
ND,DICKEY,38021,131
ND,MCINTOSH,38051,326
ND,MORTON,38059,602
ND,BOWMAN,38011,52
ND,STARK,38089,6136
ND,PIERCE,38069,7070
ND,GRAND FORKS,38035,618
ND,MCHENRY,38049,1955
ND,MOUNTRAIL,38061,50
ND,RICHLAND,38077,5632
ND,BURLEIGH,38015,1140
ND,TRAILL,38097,244
ND,STUTSMAN,38093,364
ND,WILLIAMS,38105,640
ND,PEMBINA,38067,77
ND,DUNN,38025,580
ND,EDDY,38027,343
ND,RAMSEY,38071,2924
ND,WALSH,38099,171
ND,EMMONS,38029,65
ND,RANSOM,38073,160
ND,ADAMS,38001,7152
ND,SARGENT,38081,49
ND,LOGAN,38047,1982
ND,RENVILLE,38075,285
ND,HETTINGER,38041,42
ND,WELLS,38103,80
ND,BOTTINEAU,38009,52
ND,MERCER,38057,5829
NE,RICHARDSON,31147,280
NE,DODGE,31053,2785
NE,ADAMS,31001,7152
NE,THAYER,31169,188
NE,OTOE,31131,348
NE,LINCOLN,31111,5311
NE,SARPY,31153,1562
NE,SEWARD,31159,556
NE,SAUNDERS,31155,467
NE,CEDAR,31027,850
NE,DAWSON,31047,772
NE,BOX BUTTE,31013,165
NE,BUFFALO,31019,1118
NE,KEITH,31101,116
NE,FILLMORE,31059,465
NE,MADISON,31119,12472
NE,RED WILLOW,31145,184
NE,LANCASTER,31109,9309
NE,BUTLER,31023,8539
NE,HALL,31079,2383
NE,DOUGLAS,31055,11843
NE,SALINE,31151,2675
NE,YORK,31185,6068
NE,HOOKER,31091,30
NE,PHELPS,31137,998
NE,GAGE,31067,499
NE,HOLT,31089,417
NE,DUNDY,31057,56
NE,SHERIDAN,31161,646
NE,CHASE,31029,184
NE,SCOTTS BLUFF,31157,741
NE,JOHNSON,31097,10467
NE,THURSTON,31173,2155
NE,DIXON,31051,122
NE,KNOX,31107,7130
NE,MORRILL,31123,102
NE,PERKINS,31135,113
NE,STANTON,31167,106
NE,MERRICK,31121,204
NE,NUCKOLLS,31129,137
NE,FURNAS,31065,105
NE,WEBSTER,31181,1712
NE,DAKOTA,31043,1187
NE,CUSTER,31041,989
NE,JEFFERSON,31095,31005
NE,KIMBALL,31105,67
NE,DAWES,31045,143
NE,VALLEY,31175,330
NE,WASHINGTON,31177,21671
NE,PLATTE,31141,1944
NE,BOYD,31015,463
NE,PAWNEE,31133,280
NE,CLAY,31035,6802
NE,PIERCE,31139,7070
NE,BOONE,31011,4219
NE,BROWN,31017,5959
NE,HARLAN,31083,379
NE,NEMAHA,31127,421
NE,GOSPER,31073,57
NE,CUMING,31039,248
NE,HITCHCOCK,31087,58
NE,POLK,31143,15155
NE,WAYNE,31179,5272
NE,HOWARD,31093,4023
NE,CHEYENNE,31033,178
NE,CASS,31025,4324
NE,BURT,31021,115
NE,CHERRY,31031,138
NE,HAMILTON,31081,18734
NE,KEARNEY,31099,139
NE,GARDEN,31069,40
NE,ROCK,31149,2256
NE,GREELEY,31077,38
NE,FRANKLIN,31061,20018
NE,GARFIELD,31071,1274
NE,NANCE,31125,202
NE,ANTELOPE,31003,128
NE,COLFAX,31037,258
NE,FRONTIER,31063,20
NE,SHERMAN,31163,225
NH,MERRIMACK,33013,1136
NH,CARROLL,33003,5350
NH,HILLSBOROUGH,33011,13939
NH,SULLIVAN,33019,3062
NH,COOS,33007,1035
NH,STRAFFORD,33017,839
NH,CHESHIRE,33005,685
NH,ROCKINGHAM,33015,2921
NH,GRAFTON,33009,476
NH,BELKNAP,33001,463
NJ,MERCER,34021,5829
NJ,MONMOUTH,34025,6910
NJ,CAPE MAY,34009,1237
NJ,BURLINGTON,34005,3613
NJ,SALEM,34033,1166
NJ,MIDDLESEX,34023,9665
NJ,OCEAN,34029,6729
NJ,UNION,34039,8754
NJ,BERGEN,34003,8175
NJ,ESSEX,34013,9931
NJ,MORRIS,34027,5116
NJ,PASSAIC,34031,3756
NJ,HUDSON,34017,2631
NJ,GLOUCESTER,34015,2548
NJ,ATLANTIC,34001,2290
NJ,HUNTERDON,34019,524
NJ,CAMDEN,34007,5167
NJ,CUMBERLAND,34011,9128
NJ,SOMERSET,34035,5053
NJ,WARREN,34041,9465
NJ,SUSSEX,34037,3340
NM,SAN JUAN,35045,757
NM,SANDOVAL,35043,304
NM,BERNALILLO,35001,2295
NM,GRANT,35017,2554
NM,VALENCIA,35061,120
NM,CHAVES,35005,290
NM,SANTA FE,35049,261
NM,EDDY,35015,343
NM,DOÑA ANA,35013,515
NM,CURRY,35009,388
NM,SIERRA,35051,268
NM,MCKINLEY,35031,164
NM,OTERO,35035,474
NM,LUNA,35029,66
NM,CIBOLA,35006,138
NM,SAN MIGUEL,35047,278
NM,COLFAX,35007,258
NM,TAOS,35055,100
NM,ROOSEVELT,35041,140
NM,SOCORRO,35053,61
NM,LOS ALAMOS,35028,64
NM,UNION,35059,8754
NM,LEA,35025,260
NM,LINCOLN,35027,5311
NM,GUADALUPE,35019,1176
NM,QUAY,35037,0
NV,CLARK,32003,17062
NV,CARSON CITY,32510,784
NV,MINERAL,32021,188
NV,WASHOE,32031,2502
NV,PERSHING,32027,10
NV,NYE,32023,238
NV,ELKO,32007,203
NV,WHITE PINE,32033,97
NV,DOUGLAS,32005,11843
NV,HUMBOLDT,32013,1106
NV,CHURCHILL,32001,214
NV,LANDER,32015,0
NV,LINCOLN,32017,5311
NV,LYON,32019,906
NY,ST. LAWRENCE,36089,734
NY,WESTCHESTER,36119,10418
NY,ALBANY,36001,3271
NY,DUTCHESS,36027,2823
NY,ERIE,36029,13010
NY,ONONDAGA,36067,4666
NY,ROCKLAND,36087,3216
NY,SCHENECTADY,36093,1654
NY,ULSTER,36111,1544
NY,QUEENS,36081,16098
NY,ONEIDA,36065,3815
NY,TOMPKINS,36109,701
NY,NASSAU,36059,12548
NY,SUFFOLK,36103,15762
NY,BROOME,36007,2335
NY,MONROE,36055,12874
NY,NEW YORK,36061,7060
NY,GENESEE,36037,707
NY,OSWEGO,36075,754
NY,PUTNAM,36079,3369
NY,BRONX,36005,12881
NY,KINGS,36047,14220
NY,RENSSELAER,36083,1690
NY,ORANGE,36071,32001
NY,CAYUGA,36011,840
NY,CHENANGO,36017,672
NY,NIAGARA,36063,2243
NY,CHEMUNG,36015,934
NY,RICHMOND,36085,8857
NY,CORTLAND,36023,566
NY,MADISON,36053,12472
NY,STEUBEN,36101,917
NY,MONTGOMERY,36057,35107
NY,ESSEX,36031,9931
NY,SARATOGA,36091,1202
NY,WYOMING,36121,570
NY,WASHINGTON,36115,21671
NY,CHAUTAUQUA,36013,1761
NY,SENECA,36099,1066
NY,GREENE,36039,8124
NY,CLINTON,36019,2852
NY,SULLIVAN,36105,3062
NY,WARREN,36113,9465
NY,LEWIS,36049,1356
NY,LIVINGSTON,36051,1806
NY,ONTARIO,36069,923
NY,ORLEANS,36073,713
NY,WAYNE,36117,5272
NY,YATES,36123,265
NY,HERKIMER,36043,720
NY,DELAWARE,36025,8165
NY,OTSEGO,36077,614
NY,FRANKLIN,36033,20018
NY,JEFFERSON,36045,31005
NY,FULTON,36035,8788
NY,SCHUYLER,36097,419
NY,CATTARAUGUS,36009,894
NY,ALLEGANY,36003,1605
NY,COLUMBIA,36021,5110
NY,TIOGA,36107,583
NY,SCHOHARIE,36095,36
OH,HAMILTON,39061,18734
OH,WAYNE,39169,5272
OH,FRANKLIN,39049,20018
OH,CLERMONT,39025,1766
OH,MAHONING,39099,4295
OH,TRUMBULL,39155,2489
OH,LORAIN,39093,3511
OH,PERRY,39127,1823
OH,NOBLE,39121,328
OH,DARKE,39037,872
OH,CUYAHOGA,39035,19502
OH,LAKE,39085,15875
OH,SCIOTO,39145,1261
OH,HANCOCK,39063,3496
OH,LAWRENCE,39087,3613
OH,BUTLER,39017,8539
OH,LUCAS,39095,5208
OH,SENECA,39147,1066
OH,SUMMIT,39153,8741
OH,SANDUSKY,39143,1148
OH,MEDINA,39103,2843
OH,MADISON,39097,12472
OH,CLARK,39023,17062
OH,MONROE,39111,12874
OH,GEAUGA,39055,1511
OH,WARREN,39165,9465
OH,COLUMBIANA,39029,1284
OH,FAIRFIELD,39045,2263
OH,PORTAGE,39133,2184
OH,RICHLAND,39139,5632
OH,STARK,39151,6136
OH,ATHENS,39009,445
OH,MONTGOMERY,39113,35107
OH,MORROW,39117,225
OH,LICKING,39089,1665
OH,CHAMPAIGN,39021,2039
OH,CRAWFORD,39033,3782
OH,FULTON,39051,8788
OH,DELAWARE,39041,8165
OH,TUSCARAWAS,39157,1421
OH,ROSS,39141,729
OH,ERIE,39043,13010
OH,FAYETTE,39047,6796
OH,PAULDING,39125,679
OH,KNOX,39083,7130
OH,COSHOCTON,39031,283
OH,MIAMI,39109,1758
OH,AUGLAIZE,39011,969
OH,GALLIA,39053,364
OH,MUSKINGUM,39119,1137
OH,ASHTABULA,39007,1380
OH,ASHLAND,39005,1182
OH,WILLIAMS,39171,640
OH,JACKSON,39079,14148
OH,HENRY,39069,3585
OH,MARION,39101,13390
OH,PIKE,39131,2265
OH,ALLEN,39003,3672
OH,HARRISON,39067,3435
OH,HIGHLAND,39071,411
OH,VINTON,39163,90
OH,PUTNAM,39137,3369
OH,WOOD,39173,4438
OH,LOGAN,39091,1982
OH,HURON,39077,618
OH,JEFFERSON,39081,31005
OH,BELMONT,39013,1072
OH,DEFIANCE,39039,521
OH,UNION,39159,8754
OH,ADAMS,39001,7152
OH,GUERNSEY,39059,576
OH,MORGAN,39115,3271
OH,GREENE,39057,8124
OH,BROWN,39015,5959
OH,CLINTON,39027,2852
OH,WASHINGTON,39167,21671
OH,MERCER,39107,5829
OH,VAN WERT,39161,366
OH,OTTAWA,39123,769
OH,MEIGS,39105,279
OH,CARROLL,39019,5350
OH,PICKAWAY,39129,447
OH,WYANDOT,39175,239
OH,HOLMES,39075,1008
OH,SHELBY,39149,9430
OH,PREBLE,39135,378
OH,HARDIN,39065,2625
OH,HOCKING,39073,185
OK,OKLAHOMA,40109,5793
OK,CLEVELAND,40027,3224
OK,POTTAWATOMIE,40125,960
OK,CHEROKEE,40021,4506
OK,MAJOR,40093,116
OK,MARSHALL,40095,3101
OK,TULSA,40143,4633
OK,LE FLORE,40079,304
OK,OKFUSKEE,40107,359
OK,CANADIAN,40017,804
OK,PONTOTOC,40123,577
OK,COMANCHE,40031,1119
OK,NOWATA,40105,115
OK,DELAWARE,40041,8165
OK,OKMULGEE,40111,457
OK,MCCURTAIN,40089,274
OK,STEPHENS,40137,981
OK,MURRAY,40099,405
OK,PAWNEE,40117,280
OK,SEQUOYAH,40135,283
OK,OSAGE,40113,609
OK,LINCOLN,40081,5311
OK,DEWEY,40043,31
OK,MAYES,40097,360
OK,GRADY,40051,443
OK,LOGAN,40083,1982
OK,CARTER,40019,1311
OK,MUSKOGEE,40101,897
OK,GARFIELD,40047,1274
OK,WOODS,40151,154
OK,HARPER,40059,166
OK,WASHINGTON,40147,21671
OK,CREEK,40037,537
OK,CADDO,40015,257
OK,JACKSON,40065,14148
OK,KAY,40071,464
OK,ROGERS,40131,742
OK,ELLIS,40045,2336
OK,CUSTER,40039,989
OK,PITTSBURG,40121,572
OK,BECKHAM,40009,429
OK,BLAINE,40011,229
OK,SEMINOLE,40133,4582
OK,MCINTOSH,40091,326
OK,PAYNE,40119,498
OK,KINGFISHER,40073,244
OK,KIOWA,40075,225
OK,TEXAS,40139,397
OK,WASHITA,40149,214
OK,CRAIG,40035,385
OK,ATOKA,40005,96
OK,GRANT,40053,2554
OK,WOODWARD,40153,114
OK,GARVIN,40049,225
OK,HUGHES,40063,542
OK,CHOCTAW,40023,417
OK,COAL,40029,75
OK,MCCLAIN,40087,243
OK,HASKELL,40061,148
OK,WAGONER,40145,199
OK,TILLMAN,40141,30
OK,OTTAWA,40115,769
OK,BRYAN,40013,537
OK,LOVE,40085,69
OK,PUSHMATAHA,40127,205
OK,NOBLE,40103,328
OK,JOHNSTON,40069,1326
OK,GREER,40055,140
OK,HARMON,40057,92
OK,LATIMER,40077,48
OK,BEAVER,40007,1268
OR,COLUMBIA,41009,5110
OR,JACKSON,41029,14148
OR,LINCOLN,41041,5311
OR,MALHEUR,41045,277
OR,MULTNOMAH,41051,4887
OR,CLACKAMAS,41005,2734
OR,TILLAMOOK,41057,212
OR,UMATILLA,41059,647
OR,LANE,41039,2535
OR,WASCO,41065,514
OR,YAMHILL,41071,939
OR,DESCHUTES,41017,870
OR,WASHINGTON,41067,21671
OR,LINN,41043,4467
OR,BENTON,41003,4974
OR,WALLOWA,41063,36
OR,HOOD RIVER,41027,255
OR,CURRY,41015,388
OR,COOS,41011,1035
OR,MARION,41047,13390
OR,JOSEPHINE,41033,900
OR,POLK,41053,15155
OR,UNION,41061,8754
OR,GRANT,41023,2554
OR,DOUGLAS,41019,11843
OR,CROOK,41013,182
OR,HARNEY,41025,63
OR,BAKER,41001,318
OR,KLAMATH,41035,329
OR,GILLIAM,41021,38
OR,JEFFERSON,41031,31005
OR,LAKE,41037,15875
OR,CLATSOP,41007,267
OR,WHEELER,41069,195
OR,MORROW,41049,225
PA,COLUMBIA,42037,5110
PA,CHESTER,42029,3146
PA,BUCKS,42017,4181
PA,CUMBERLAND,42041,9128
PA,LUZERNE,42079,2894
PA,CARBON,42025,866
PA,DELAWARE,42045,8165
PA,BUTLER,42019,8539
PA,YORK,42133,6068
PA,PHILADELPHIA,42101,7506
PA,NORTHAMPTON,42095,2650
PA,FRANKLIN,42055,20018
PA,ALLEGHENY,42003,8715
PA,LAWRENCE,42073,3613
PA,VENANGO,42121,465
PA,ERIE,42049,13010
PA,MONTGOMERY,42091,35107
PA,LANCASTER,42071,9309
PA,LACKAWANNA,42069,2817
PA,WESTMORELAND,42129,2613
PA,WARREN,42123,9465
PA,CAMBRIA,42021,1193
PA,BLAIR,42013,1503
PA,BRADFORD,42015,718
PA,CLINTON,42035,2852
PA,WASHINGTON,42125,21671
PA,MERCER,42085,5829
PA,FAYETTE,42051,6796
PA,INDIANA,42063,487
PA,LYCOMING,42081,1074
PA,LEBANON,42075,1243
PA,JUNIATA,42067,229
PA,ARMSTRONG,42005,452
PA,SOMERSET,42111,5053
PA,SUSQUEHANNA,42115,253
PA,FULTON,42057,8788
PA,SCHUYLKILL,42107,1766
PA,CRAWFORD,42039,3782
PA,ELK,42047,258
PA,NORTHUMBERLAND,42097,1016
PA,GREENE,42059,8124
PA,SULLIVAN,42113,3062
PA,PERRY,42099,1823
PA,CLARION,42031,323
PA,WAYNE,42127,5272
PA,BERKS,42011,2449
PA,LEHIGH,42077,2774
PA,MIFFLIN,42087,417
PA,CENTRE,42027,715
PA,JEFFERSON,42065,31005
PA,FOREST,42053,166
PA,MCKEAN,42083,586
PA,MONROE,42089,12874
PA,ADAMS,42001,7152
PA,DAUPHIN,42043,1424
PA,TIOGA,42117,583
PA,BEAVER,42007,1268
PA,HUNTINGDON,42061,282
PA,SNYDER,42109,159
PA,BEDFORD,42009,1270
PA,PIKE,42103,2265
PA,UNION,42119,8754
PA,WYOMING,42131,570
PA,CLEARFIELD,42033,745
PA,MONTOUR,42093,262
PA,CAMERON,42023,1933
PA,POTTER,42105,1868
PR,SAN JUAN,72127,757
PR,VEGA BAJA,72145,20
PR,PONCE,72113,25
PR,HUMACAO,72069,62
PR,HORMIGUEROS,72067,19
RI,PROVIDENCE,44007,8453
RI,KENT,44003,4553
RI,BRISTOL,44001,2236
RI,NEWPORT,44005,1038
RI,WASHINGTON,44009,21671
SC,LEXINGTON,45063,2751
SC,WILLIAMSBURG,45089,521
SC,DILLON,45033,301
SC,AIKEN,45003,1451
SC,CHARLESTON,45019,3629
SC,SPARTANBURG,45083,2803
SC,ALLENDALE,45005,44
SC,GREENWOOD,45047,772
SC,CHESTER,45023,3146
SC,PICKENS,45077,1634
SC,ANDERSON,45007,3680
SC,LAURENS,45059,1336
SC,LEE,45061,10974
SC,BEAUFORT,45013,2401
SC,GEORGETOWN,45043,647
SC,DARLINGTON,45031,606
SC,GREENVILLE,45045,4485
SC,NEWBERRY,45071,344
SC,ORANGEBURG,45075,618
SC,CHEROKEE,45021,4506
SC,RICHLAND,45079,5632
SC,OCONEE,45073,950
SC,DORCHESTER,45035,879
SC,MCCORMICK,45065,120
SC,KERSHAW,45055,403
SC,BERKELEY,45015,1523
SC,YORK,45091,6068
SC,FLORENCE,45041,1575
SC,COLLETON,45029,396
SC,HORRY,45051,2218
SC,SUMTER,45085,3386
SC,CHESTERFIELD,45025,2321
SC,CLARENDON,45027,165
SC,CALHOUN,45017,2296
SC,BARNWELL,45011,173
SC,LANCASTER,45057,9309
SC,ABBEVILLE,45001,158
SC,FAIRFIELD,45039,2263
SC,MARLBORO,45069,190
SC,UNION,45087,8754
SC,JASPER,45053,2488
SC,SALUDA,45081,250
SC,MARION,45067,13390
SC,HAMPTON,45049,839
SC,BAMBERG,45009,110
SC,EDGEFIELD,45037,160
SD,PENNINGTON,46103,1333
SD,MCCOOK,46087,190
SD,DAY,46037,137
SD,SPINK,46115,157
SD,BRULE,46015,106
SD,MARSHALL,46091,3101
SD,HAAKON,46055,46
SD,HAMLIN,46057,144
SD,CODINGTON,46029,416
SD,LAWRENCE,46081,3613
SD,MINNEHAHA,46099,2142
SD,YANKTON,46135,447
SD,TRIPP,46123,165
SD,UNION,46127,8754
SD,HUTCHINSON,46067,466
SD,BROOKINGS,46011,306
SD,FAULK,46049,57
SD,BROWN,46013,5959
SD,LAKE,46079,15875
SD,BENNETT,46007,48
SD,MELLETTE,46095,52
SD,CUSTER,46033,989
SD,MINER,46097,79
SD,KINGSBURY,46077,131
SD,HYDE,46069,124
SD,CLAY,46027,6802
SD,DOUGLAS,46043,11843
SD,BEADLE,46005,176
SD,EDMUNDS,46045,78
SD,MCPHERSON,46089,668
SD,MEADE,46093,264
SD,TURNER,46125,258
SD,HUGHES,46065,542
SD,MOODY,46101,93
SD,GREGORY,46053,106
SD,ROBERTS,46109,151
SD,LINCOLN,46083,5311
SD,CLARK,46025,17062
SD,HAND,46059,83
SD,DAVISON,46035,432
SD,AURORA,46003,58
SD,WALWORTH,46129,1615
SD,BON HOMME,46009,141
SD,BUTTE,46019,2069
SD,ZIEBACH,46137,64
SD,POTTER,46107,1868
SD,JERAULD,46073,40
SD,GRANT,46051,2554
SD,FALL RIVER,46047,215
SD,DEUEL,46039,56
SD,CHARLES MIX,46023,136
SD,PERKINS,46105,113
SD,CAMPBELL,46021,1906
SD,JACKSON,46071,14148
SD,SANBORN,46111,52
TN,ROANE,47145,584
TN,BLOUNT,47009,1550
TN,BEDFORD,47003,1270
TN,KNOX,47093,7130
TN,DAVIDSON,47037,6663
TN,SULLIVAN,47163,3062
TN,HENDERSON,47077,3330
TN,TIPTON,47167,332
TN,CARTER,47019,1311
TN,MONROE,47123,12874
TN,SHELBY,47157,9430
TN,MCNAIRY,47109,174
TN,ROBERTSON,47147,893
TN,FENTRESS,47049,140
TN,WEAKLEY,47183,497
TN,PUTNAM,47141,3369
TN,SUMNER,47165,1980
TN,LAWRENCE,47099,3613
TN,WASHINGTON,47179,21671
TN,GREENE,47059,8124
TN,COCKE,47029,266
TN,DEKALB,47041,5630
TN,HARDIN,47071,2625
TN,HAMBLEN,47063,588
TN,WILSON,47189,2618
TN,MAURY,47119,1064
TN,HOUSTON,47083,2237
TN,RUTHERFORD,47149,2763
TN,CLAIBORNE,47025,425
TN,MADISON,47113,12472
TN,WILLIAMSON,47187,7329
TN,HAYWOOD,47075,955
TN,BRADLEY,47011,958
TN,DECATUR,47039,652
TN,HAMILTON,47065,18734
TN,JEFFERSON,47089,31005
TN,CROCKETT,47033,317
TN,ANDERSON,47001,3680
TN,FRANKLIN,47051,20018
TN,BLEDSOE,47007,50
TN,CHESTER,47023,3146
TN,LAUDERDALE,47097,1896
TN,JACKSON,47087,14148
TN,MCMINN,47107,610
TN,COFFEE,47031,1262
TN,MONTGOMERY,47125,35107
TN,WARREN,47177,9465
TN,MARSHALL,47117,3101
TN,HENRY,47079,3585
TN,GIBSON,47053,956
TN,OBION,47131,371
TN,GILES,47055,462
TN,CAMPBELL,47013,1906
TN,DYER,47045,353
TN,HAWKINS,47073,479
TN,CUMBERLAND,47035,9128
TN,MACON,47111,3004
TN,CARROLL,47017,5350
TN,HUMPHREYS,47085,298
TN,SMITH,47159,3277
TN,SEVIER,47155,761
TN,DICKSON,47043,362
TN,LINCOLN,47103,5311
TN,LOUDON,47105,537
TN,UNICOI,47171,420
TN,WHITE,47185,1656
TN,LAKE,47095,15875
TN,MARION,47115,13390
TN,CANNON,47015,102
TN,PICKETT,47137,69
TN,TROUSDALE,47169,131
TN,STEWART,47161,173
TN,HANCOCK,47067,3496
TN,OVERTON,47133,125
TN,PERRY,47135,1823
TN,RHEA,47143,317
TN,GRUNDY,47061,1076
TN,HICKMAN,47081,309
TN,CHEATHAM,47021,275
TN,SCOTT,47151,4749
TN,GRAINGER,47057,132
TN,UNION,47173,8754
TN,CLAY,47027,6802
TN,JOHNSON,47091,10467
TN,SEQUATCHIE,47153,110
TN,BENTON,47005,4974
TN,HARDEMAN,47069,150
TN,FAYETTE,47047,6796
TN,VAN BUREN,47175,375
TN,POLK,47139,15155
TN,MOORE,47127,1631
TN,MEIGS,47121,279
TN,LEWIS,47101,1356
TN,MORGAN,47129,3271
TN,WAYNE,47181,5272
TX,RANDALL,48381,687
TX,JONES,48253,1200
TX,PANOLA,48365,567
TX,MATAGORDA,48321,369
TX,POTTER,48375,1868
TX,MCLENNAN,48309,3196
TX,TAYLOR,48441,2616
TX,TRAVIS,48453,7203
TX,HARRIS,48201,22213
TX,MENARD,48327,146
TX,TYLER,48457,306
TX,COLLIN,48085,7032
TX,VAL VERDE,48465,298
TX,VICTORIA,48469,785
TX,TARRANT,48439,16765
TX,DALLAS,48113,20780
TX,ATASCOSA,48013,451
TX,BASTROP,48021,654
TX,BEXAR,48029,13741
TX,BOWIE,48037,1285
TX,BRAZORIA,48039,2437
TX,BRAZOS,48041,1400
TX,DAWSON,48115,772
TX,HARDIN,48199,2625
TX,JASPER,48241,2488
TX,CALDWELL,48055,1648
TX,CAMERON,48061,1933
TX,NAVARRO,48349,789
TX,FORT BEND,48157,3962
TX,WILLIAMSON,48491,7329
TX,MONTGOMERY,48339,35107
TX,RUSK,48401,797
TX,DENTON,48121,5349
TX,GALVESTON,48167,2630
TX,EL PASO,48141,8410
TX,ERATH,48143,411
TX,FANNIN,48147,849
TX,GRAYSON,48181,2354
TX,UPTON,48461,30
TX,COMANCHE,48093,1119
TX,SMITH,48423,3277
TX,WISE,48497,899
TX,WOOD,48499,4438
TX,WILSON,48493,2618
TX,GUADALUPE,48187,1176
TX,HENDERSON,48213,3330
TX,PARKER,48367,1282
TX,BURNET,48053,557
TX,TOM GREEN,48451,1113
TX,HIDALGO,48215,3084
TX,JACKSON,48239,14148
TX,LAVACA,48285,612
TX,CHEROKEE,48073,4506
TX,LUBBOCK,48303,2905
TX,ELLIS,48139,2336
TX,TRINITY,48455,264
TX,ANGELINA,48005,1090
TX,ARANSAS,48007,252
TX,WICHITA,48485,1996
TX,FRIO,48163,166
TX,JEFFERSON,48245,31005
TX,KARNES,48255,244
TX,KAUFMAN,48257,1156
TX,LIMESTONE,48293,920
TX,BROWN,48049,5959
TX,WASHINGTON,48477,21671
TX,GREGG,48183,1999
TX,HOPKINS,48223,1407
TX,ARMSTRONG,48011,452
TX,PALO PINTO,48363,277
TX,GRAY,48179,371
TX,FRANKLIN,48159,20018
TX,WHEELER,48483,195
TX,MEDINA,48325,2843
TX,HALE,48189,438
TX,MAVERICK,48323,332
TX,HUNT,48231,905
TX,RAINS,48379,68
TX,RUNNELS,48399,312
TX,BEE,48025,237
TX,ECTOR,48135,994
TX,FREESTONE,48161,261
TX,HOUSTON,48225,2237
TX,JIM HOGG,48247,60
TX,KERR,48265,962
TX,KENT,48263,4553
TX,GILLESPIE,48171,690
TX,NUECES,48355,2673
TX,BELL,48027,2666
TX,MITCHELL,48335,1001
TX,WALLER,48473,381
TX,COLORADO,48089,471
TX,COMAL,48091,1499
TX,COOKE,48097,552
TX,ANDERSON,48001,3680
TX,CROCKETT,48105,317
TX,JOHNSON,48251,10467
TX,LAMAR,48277,1225
TX,SAN PATRICIO,48409,227
TX,FALLS,48145,187
TX,ROBERTSON,48395,893
TX,WEBB,48479,754
TX,AUSTIN,48015,390
TX,SAN AUGUSTINE,48405,337
TX,BOSQUE,48035,407
TX,WILLACY,48489,152
TX,SOMERVELL,48425,220
TX,STARR,48427,330
TX,JIM WELLS,48249,473
TX,KENDALL,48259,1215
TX,HAYS,48209,1676
TX,HASKELL,48207,148
TX,DEWITT,48123,438
TX,MORRIS,48343,5116
TX,NACOGDOCHES,48347,743
TX,JACK,48237,149
TX,WALKER,48471,1501
TX,HILL,48217,725
TX,WHARTON,48481,591
TX,HOCKLEY,48219,257
TX,TITUS,48449,602
TX,OCHILTREE,48357,114
TX,LIVE OAK,48297,100
TX,CASTRO,48069,174
TX,TERRY,48445,178
TX,HOOD,48221,809
TX,VAN ZANDT,48467,701
TX,FAYETTE,48149,6796
TX,FLOYD,48153,2073
TX,FOARD,48155,80
TX,LAMB,48279,226
TX,LEE,48287,10974
TX,HARRISON,48203,3435
TX,MONTAGUE,48337,383
TX,CLAY,48077,6802
TX,MIDLAND,48329,1131
TX,COLEMAN,48083,162
TX,CROSBY,48107,115
TX,SHERMAN,48421,225
TX,HALL,48191,2383
TX,HOWARD,48227,4023
TX,MILAM,48331,297
TX,REFUGIO,48391,154
TX,CORYELL,48099,582
TX,MOORE,48341,1631
TX,SHELBY,48419,9430
TX,WILBARGER,48487,304
TX,MADISON,48313,12472
TX,COKE,48081,130
TX,EASTLAND,48133,370
TX,LIBERTY,48291,702
TX,HANSFORD,48195,84
TX,RED RIVER,48387,252
TX,ROCKWALL,48397,1347
TX,ANDREWS,48003,106
TX,GOLIAD,48175,90
TX,GONZALES,48177,236
TX,LAMPASAS,48281,284
TX,NOLAN,48353,232
TX,BAYLOR,48023,97
TX,POLK,48373,15155
TX,UPSHUR,48459,727
TX,STEPHENS,48429,981
TX,DELTA,48119,444
TX,HARTLEY,48205,94
TX,MOTLEY,48345,50
TX,CALLAHAN,48059,122
TX,SABINE,48403,180
TX,YOUNG,48503,415
TX,BURLESON,48051,218
TX,KNOX,48275,7130
TX,BROOKS,48047,426
TX,CALHOUN,48057,2296
TX,CAMP,48063,152
TX,CASS,48067,4324
TX,CONCHO,48095,66
TX,CHILDRESS,48075,136
TX,UVALDE,48463,391
TX,LIPSCOMB,48295,61
TX,WARD,48475,914
TX,SCURRY,48415,128
TX,BLANCO,48031,102
TX,YOAKUM,48501,60
TX,HAMILTON,48193,18734
TX,GRIMES,48185,311
TX,PARMER,48369,174
TX,GAINES,48165,95
TX,BANDERA,48019,180
TX,LYNN,48305,40
TX,LLANO,48299,358
TX,CRANE,48103,110
TX,BAILEY,48017,74
TX,MARION,48315,13390
TX,ORANGE,48361,32001
TX,DUVAL,48131,8803
TX,STERLING,48431,44
TX,HUTCHINSON,48233,466
TX,KLEBERG,48273,266
TX,MILLS,48333,303
TX,DIMMIT,48127,100
TX,SWISHER,48437,61
TX,CHAMBERS,48071,668
TX,PECOS,48371,120
TX,DONLEY,48129,65
TX,REAL,48385,86
TX,NEWTON,48351,1705
TX,LEON,48289,2408
TX,SAN JACINTO,48407,100
TX,COLLINGSWORTH,48087,92
TX,SCHLEICHER,48413,34
TX,DEAF SMITH,48117,120
TX,MCCULLOCH,48307,122
TX,HARDEMAN,48197,150
TX,GARZA,48169,75
TX,STONEWALL,48433,53
TX,ZAPATA,48505,59
TX,LA SALLE,48283,60
TX,REEVES,48389,89
TX,FISHER,48151,16
TX,HEMPHILL,48211,88
TX,REAGAN,48383,42
TX,SAN SABA,48411,72
UT,WASATCH,49051,208
UT,CACHE,49005,890
UT,SALT LAKE,49035,7159
UT,DUCHESNE,49013,106
UT,UTAH,49049,3905
UT,WASHINGTON,49053,21671
UT,IRON,49021,833
UT,DAVIS,49011,2528
UT,WEBER,49057,2247
UT,UINTAH,49047,200
UT,JUAB,49023,146
UT,SEVIER,49041,761
UT,KANE,49025,3746
UT,TOOELE,49045,284
UT,MORGAN,49029,3271
UT,MILLARD,49027,69
UT,CARBON,49007,866
UT,SANPETE,49039,110
UT,SUMMIT,49043,8741
UT,BOX ELDER,49003,351
UT,GRAND,49019,64
UT,EMERY,49015,67
UT,SAN JUAN,49037,757
UT,CUMBERLAND,23005,9128
UT,GARFIELD,49017,1274
UT,BEAVER,49001,1268
VA,PRINCE WILLIAM,51153,1376
VA,AUGUSTA,51015,356
VA,RICHMOND,51159,8857
VA,HALIFAX,51083,946
VA,STAFFORD,51179,651
VA,SHENANDOAH,51171,580
VA,ORANGE,51137,32001
VA,ROANOKE,51770,3098
VA,FAIRFAX,51059,4923
VA,ALBEMARLE,51003,1409
VA,NEWPORT NEWS,51700,1503
VA,PORTSMOUTH,51740,679
VA,GLOUCESTER,51073,2548
VA,CHESTERFIELD,51041,2321
VA,CHARLOTTESVILLE,51540,171
VA,VIRGINIA BEACH,51810,2733
VA,GREENE,51079,8124
VA,ROCKINGHAM,51165,2921
VA,JAMES CITY,51095,780
VA,FREDERICK,51069,2302
VA,FAIRFAX,51600,4923
VA,AMHERST,51009,120
VA,POQUOSON,51735,108
VA,MONTGOMERY,51121,35107
VA,CHESAPEAKE,51550,1228
VA,MARTINSVILLE,51690,398
VA,HENRY,51089,3585
VA,ROCKBRIDGE,51163,130
VA,PETERSBURG,51730,523
VA,PRINCE EDWARD,51147,423
VA,NORFOLK,51710,3102
VA,ALEXANDRIA,51510,1069
VA,WISE,51195,899
VA,WAYNESBORO,51820,167
VA,SPOTSYLVANIA,51177,625
VA,RICHMOND,51760,8857
VA,FAUQUIER,51061,392
VA,HENRICO,51087,3987
VA,MECKLENBURG,51117,7176
VA,DANVILLE,51590,821
VA,LOUDOUN,51107,1194
VA,BUCHANAN,51027,1488
VA,HANOVER,51085,649
VA,CAMPBELL,51031,1906
VA,WINCHESTER,51840,312
VA,WILLIAMSBURG,51830,521
VA,ACCOMACK,51001,274
VA,RUSSELL,51167,718
VA,SUFFOLK,51800,15762
VA,ISLE OF WIGHT,51093,220
VA,LYNCHBURG,51680,1191
VA,DICKENSON,51051,100
VA,LEE,51105,10974
VA,COLONIAL HEIGHTS,51570,330
VA,MADISON,51113,12472
VA,PAGE,51139,671
VA,SCOTT,51169,4749
VA,TAZEWELL,51185,2468
VA,HARRISONBURG,51660,637
VA,CLARKE,51043,1461
VA,BUCKINGHAM,51029,60
VA,PULASKI,51155,4765
VA,HAMPTON,51650,839
VA,CULPEPER,51047,249
VA,ARLINGTON,51013,1395
VA,FREDERICKSBURG,51630,110
VA,LEXINGTON,51678,2751
VA,HOPEWELL,51670,354
VA,FRANKLIN,51067,20018
VA,WASHINGTON,51191,21671
VA,STAUNTON,51790,627
VA,CARROLL,51035,5350
VA,BEDFORD,51019,1270
VA,NOTTOWAY,51135,270
VA,BUENA VISTA,51530,413
VA,LANCASTER,51103,9309
VA,SALEM,51775,1166
VA,ESSEX,51057,9931
VA,ALLEGHANY,51005,374
VA,PITTSYLVANIA,51143,229
VA,RADFORD,51750,90
VA,ROANOKE,51161,3098
VA,FRANKLIN,51620,20018
VA,EMPORIA,51595,250
VA,LUNENBURG,51111,5
VA,BRISTOL,51520,2236
VA,WARREN,51187,9465
VA,LOUISA,51109,276
VA,CAROLINE,51033,436
VA,GILES,51071,462
VA,SUSSEX,51183,3340
VA,BOTETOURT,51023,297
VA,SMYTH,51173,314
VA,GOOCHLAND,51075,84
VA,GALAX,51640,255
VA,NORTHAMPTON,51131,2650
VA,PATRICK,51141,289
VA,DINWIDDIE,51053,194
VA,NORTON,51720,148
VA,KING WILLIAM,51101,60
VA,MANASSAS,51683,125
VA,MIDDLESEX,51119,9665
VA,GRAYSON,51077,2354
VA,CHARLOTTE,51037,2665
VA,YORK,51199,6068
VA,KING GEORGE,51099,130
VA,FALLS CHURCH,51610,75
VA,FLUVANNA,51065,60
VA,BRUNSWICK,51025,1112
VA,FLOYD,51063,2073
VA,APPOMATTOX,51011,93
VA,AMELIA,51007,100
VA,BATH,51017,197
VA,WESTMORELAND,51193,2613
VA,WYTHE,51197,265
VA,SOUTHAMPTON,51175,90
VA,RAPPAHANNOCK,51157,0
VA,NELSON,51125,491
VA,MATHEWS,51115,60
VA,BLAND,51021,57
VT,WINDSOR,50027,506
VT,ADDISON,50001,294
VT,FRANKLIN,50011,20018
VT,CHITTENDEN,50007,1487
VT,WINDHAM,50025,363
VT,WASHINGTON,50023,21671
VT,RUTLAND,50021,693
VT,ORLEANS,50019,713
VT,ORANGE,50017,32001
VT,LAMOILLE,50015,126
VT,BENNINGTON,50003,775
VT,CALEDONIA,50005,174
VT,ESSEX,50009,9931
WA,ADAMS,53001,7152
WA,PIERCE,53053,7070
WA,KING,53033,15358
WA,KITSAP,53035,2382
WA,SPOKANE,53063,5051
WA,YAKIMA,53077,2008
WA,MASON,53045,1017
WA,SNOHOMISH,53061,4796
WA,THURSTON,53067,2155
WA,LEWIS,53041,1356
WA,WHATCOM,53073,1921
WA,SKAGIT,53057,1249
WA,CLARK,53011,17062
WA,COLUMBIA,53013,5110
WA,BENTON,53005,4974
WA,CHELAN,53007,908
WA,WALLA WALLA,53071,921
WA,WHITMAN,53075,489
WA,COWLITZ,53015,983
WA,GRAYS HARBOR,53027,596
WA,GRANT,53025,2554
WA,CLALLAM,53009,813
WA,ISLAND,53029,504
WA,OKANOGAN,53047,256
WA,STEVENS,53065,323
WA,DOUGLAS,53017,11843
WA,KITTITAS,53037,242
WA,PEND OREILLE,53051,99
WA,ASOTIN,53003,148
WA,SKAMANIA,53059,44
WA,FRANKLIN,53021,20018
WA,LINCOLN,53043,5311
WA,PACIFIC,53049,140
WA,JEFFERSON,53031,31005
WA,SAN JUAN,53055,757
WA,FERRY,53019,16
WI,EAU CLAIRE,55035,1246
WI,MONROE,55081,12874
WI,OUTAGAMIE,55087,2637
WI,WALWORTH,55127,1615
WI,WAUKESHA,55133,6238
WI,DODGE,55027,2785
WI,MILWAUKEE,55079,10475
WI,FOND DU LAC,55039,1577
WI,JEFFERSON,55055,31005
WI,RACINE,55101,2215
WI,SAWYER,55113,242
WI,CHIPPEWA,55017,1097
WI,ONEIDA,55085,3815
WI,WASHINGTON,55131,21671
WI,ROCK,55105,2256
WI,DOUGLAS,55031,11843
WI,SHEBOYGAN,55117,1732
WI,GRANT,55043,2554
WI,BROWN,55009,5959
WI,DANE,55025,6433
WI,WAUSHARA,55137,217
WI,MANITOWOC,55071,1448
WI,DOOR,55029,420
WI,BARRON,55005,878
WI,PORTAGE,55097,2184
WI,CLARK,55019,17062
WI,OZAUKEE,55089,1492
WI,VERNON,55123,841
WI,WOOD,55141,4438
WI,MARATHON,55073,1843
WI,ST. CROIX,55109,1104
WI,LA CROSSE,55063,1787
WI,COLUMBIA,55021,5110
WI,WINNEBAGO,55139,6116
WI,WASHBURN,55129,207
WI,JACKSON,55053,14148
WI,RICHLAND,55103,5632
WI,MARINETTE,55075,730
WI,IOWA,55049,694
WI,WAUPACA,55135,1438
WI,SAUK,55111,888
WI,LINCOLN,55069,5311
WI,TAYLOR,55119,2616
WI,ASHLAND,55003,1182
WI,CALUMET,55015,553
WI,CRAWFORD,55023,3782
WI,LAFAYETTE,55065,1344
WI,GREEN,55045,625
WI,PRICE,55099,246
WI,SHAWANO,55115,588
WI,KEWAUNEE,55061,275
WI,POLK,55095,15155
WI,KENOSHA,55059,2004
WI,MARQUETTE,55077,143
WI,PIERCE,55093,7070
WI,OCONTO,55083,362
WI,BURNETT,55013,116
WI,TREMPEALEAU,55121,562
WI,DUNN,55033,580
WI,IRON,55051,833
WI,RUSK,55107,797
WI,JUNEAU,55057,373
WI,GREEN LAKE,55047,321
WI,VILAS,55125,164
WI,LANGLADE,55067,295
WI,BUFFALO,55011,1118
WI,FLORENCE,55037,1575
WI,BAYFIELD,55007,115
WI,ADAMS,55001,7152
WI,FOREST,55041,166
WI,MENOMINEE,55078,15
WI,PEPIN,55091,14
WV,MONROE,54063,12874
WV,PUTNAM,54079,3369
WV,FAYETTE,54019,6796
WV,KANAWHA,54039,1525
WV,RALEIGH,54081,658
WV,MARSHALL,54051,3101
WV,CABELL,54011,1005
WV,MARION,54049,13390
WV,BROOKE,54009,329
WV,LOGAN,54045,1982
WV,WYOMING,54109,570
WV,WOOD,54107,4438
WV,HANCOCK,54029,3496
WV,MONONGALIA,54061,616
WV,GREENBRIER,54025,377
WV,BOONE,54005,4219
WV,JACKSON,54035,14148
WV,HARRISON,54033,3435
WV,OHIO,54069,855
WV,JEFFERSON,54037,31005
WV,CLAY,54015,6802
WV,RITCHIE,54085,56
WV,GRANT,54023,2554
WV,TAYLOR,54091,2616
WV,LEWIS,54041,1356
WV,PRESTON,54077,268
WV,WAYNE,54099,5272
WV,RANDOLPH,54083,3557
WV,PLEASANTS,54073,106
WV,BERKELEY,54003,1523
WV,MCDOWELL,54047,759
WV,MERCER,54055,5829
WV,UPSHUR,54097,727
WV,WEBSTER,54101,1712
WV,MINGO,54059,90
WV,MINERAL,54057,188
WV,MASON,54053,1017
WV,HARDY,54031,60
WV,ROANE,54087,584
WV,BARBOUR,54001,349
WV,BRAXTON,54007,65
WV,SUMMERS,54089,214
WV,MORGAN,54065,3271
WV,GILMER,54021,265
WV,POCAHONTAS,54075,273
WV,HAMPSHIRE,54027,383
WV,NICHOLAS,54067,156
WV,LINCOLN,54043,5311
WV,WETZEL,54103,100
WV,TUCKER,54093,94
WV,PENDLETON,54071,197
WV,TYLER,54095,306
WV,CALHOUN,54013,2296
WV,WIRT,54105,36
WY,WESTON,56045,81
WY,LINCOLN,56023,5311
WY,CAMPBELL,56005,1906
WY,PARK,56029,464
WY,BIG HORN,56003,308
WY,GOSHEN,56015,103
WY,ALBANY,56001,3271
WY,NATRONA,56025,857
WY,FREMONT,56013,1101
WY,CROOK,56011,182
WY,CARBON,56007,866
WY,LARAMIE,56021,716
WY,UINTA,56041,92
WY,SHERIDAN,56033,646
WY,HOT SPRINGS,56017,121
WY,PLATTE,56031,1944
WY,JOHNSON,56019,10467
WY,SWEETWATER,56037,230
WY,CONVERSE,56009,94
WY,SUBLETTE,56035,50
WY,TETON,56039,231
WY,WASHAKIE,56043,87
